idade,genero,estado_civil,tipo_escola_ensino_medio,nota_enem,renda_familiar,bolsa_estudos,mora_com_familia,trabalha,horas_estudo_semanal,tem_computador,distancia_campus_km,recebe_assistencia_estudantil,primeira_opcao_curso,status_curso
22,Feminino,Solteiro,Pública,698,10.0,Sim,Sim,Meio período,13,Sim,5.2,Não,Sim,Concluiu
32,Masculino,Solteiro,Pública,632,1.9,Não,Sim,Não trabalha,32,Sim,16.1,Sim,Sim,Evadiu
28,Feminino,Solteiro,Pública,663,0.5,Não,Não,Meio período,9,Sim,23.0,Sim,Sim,Evadiu
20,Feminino,Solteiro,Privada,759,8.3,Não,Sim,Período integral,6,Sim,12.7,Não,Sim,Concluiu
19,Feminino,Solteiro,Pública,661,8.5,Não,Não,Meio período,15,Sim,14.3,Não,Sim,Concluiu
22,Masculino,Solteiro,Privada,717,4.8,Não,Não,Não trabalha,16,Não,4.7,Não,Sim,Concluiu
26,Feminino,Casado,Privada,603,1.8,Sim,Sim,Não trabalha,12,Sim,1.3,Sim,Sim,Concluiu
27,Masculino,Solteiro,Privada,651,1.2,Não,Sim,Meio período,9,Não,6.6,Sim,Sim,Concluiu
28,Feminino,Solteiro,Privada,470,0.8,Não,Sim,Período integral,8,Sim,40.7,Não,Sim,Evadiu
20,Masculino,Solteiro,Pública,523,7.6,Não,Não,Não trabalha,19,Sim,2.0,Sim,Sim,Concluiu
24,Masculino,Solteiro,Pública,411,0.9,Sim,Sim,Período integral,7,Sim,76.0,Não,Não,Evadiu
23,Masculino,Solteiro,Privada,732,4.2,Não,Sim,Não trabalha,23,Sim,12.4,Não,Sim,Concluiu
25,Masculino,Solteiro,Pública,739,1.9,Não,Sim,Não trabalha,22,Sim,2.5,Sim,Não,Concluiu
27,Masculino,Casado,Pública,494,0.9,Não,Sim,Meio período,12,Sim,20.1,Não,Não,Evadiu
29,Masculino,Casado,Pública,548,0.8,Sim,Sim,Período integral,3,Não,54.4,Não,Sim,Evadiu
21,Feminino,Solteiro,Pública,519,3.3,Não,Sim,Período integral,3,Sim,79.7,Não,Sim,Evadiu
18,Masculino,Solteiro,Pública,666,5.5,Não,Não,Não trabalha,14,Sim,39.8,Não,Sim,Concluiu
34,Masculino,Solteiro,Pública,478,0.5,Não,Sim,Meio período,5,Sim,40.1,Sim,Não,Evadiu
22,Masculino,Casado,Privada,563,0.5,Não,Sim,Período integral,3,Não,31.7,Sim,Não,Evadiu
22,Masculino,Casado,Pública,609,3.3,Sim,Não,Não trabalha,20,Sim,10.8,Sim,Sim,Concluiu
23,Masculino,Solteiro,Pública,586,4.6,Sim,Não,Não trabalha,16,Sim,4.0,Sim,Não,Concluiu
26,Masculino,Solteiro,Pública,540,3.0,Não,Sim,Não trabalha,25,Sim,5.5,Não,Sim,Concluiu
24,Masculino,Solteiro,Privada,653,2.9,Não,Sim,Não trabalha,25,Sim,11.4,Não,Não,Concluiu
19,Masculino,Solteiro,Pública,538,3.4,Sim,Sim,Não trabalha,15,Sim,16.6,Não,Sim,Concluiu
27,Masculino,Solteiro,Privada,611,3.1,Não,Sim,Não trabalha,20,Sim,12.6,Sim,Sim,Concluiu
27,Feminino,Solteiro,Privada,643,1.1,Sim,Não,Não trabalha,20,Não,7.7,Não,Sim,Concluiu
25,Masculino,Solteiro,Pública,669,2.1,Não,Sim,Período integral,1,Sim,19.4,Sim,Sim,Concluiu
30,Masculino,Casado,Pública,566,0.5,Não,Sim,Período integral,10,Não,68.3,Não,Não,Evadiu
30,Masculino,Solteiro,Pública,527,3.0,Não,Sim,Período integral,7,Não,15.3,Não,Sim,Evadiu
21,Masculino,Solteiro,Pública,504,2.1,Não,Sim,Meio período,6,Sim,42.2,Não,Não,Evadiu
20,Masculino,Solteiro,Privada,590,3.5,Não,Sim,Não trabalha,15,Sim,14.9,Sim,Sim,Concluiu
25,Feminino,Solteiro,Pública,554,5.4,Não,Sim,Meio período,11,Sim,13.8,Não,Sim,Concluiu
23,Masculino,Solteiro,Pública,621,5.9,Sim,Sim,Não trabalha,24,Sim,5.3,Não,Não,Concluiu
23,Outro,Solteiro,Pública,557,4.5,Não,Não,Meio período,9,Sim,2.7,Não,Sim,Concluiu
19,Masculino,Solteiro,Privada,728,4.9,Não,Sim,Não trabalha,21,Sim,6.6,Não,Sim,Concluiu
27,Feminino,Casado,Pública,713,4.8,Não,Sim,Não trabalha,13,Sim,15.9,Não,Sim,Concluiu
21,Masculino,Solteiro,Pública,647,3.7,Não,Sim,Não trabalha,18,Sim,17.9,Não,Sim,Concluiu
19,Feminino,Solteiro,Pública,741,6.1,Sim,Sim,Meio período,18,Sim,5.9,Não,Não,Concluiu
27,Feminino,Solteiro,Pública,668,0.8,Não,Sim,Meio período,12,Não,38.8,Não,Sim,Evadiu
25,Masculino,Solteiro,Privada,701,6.9,Não,Sim,Não trabalha,18,Sim,13.0,Não,Sim,Concluiu
24,Masculino,Casado,Pública,614,4.4,Não,Sim,Não trabalha,15,Sim,3.9,Não,Sim,Concluiu
19,Outro,Solteiro,Pública,629,9.9,Não,Não,Não trabalha,13,Sim,13.1,Não,Não,Concluiu
27,Feminino,Casado,Privada,528,1.0,Não,Sim,Não trabalha,18,Sim,17.9,Sim,Não,Concluiu
30,Feminino,Solteiro,Pública,445,0.5,Sim,Sim,Meio período,14,Sim,35.9,Não,Não,Evadiu
24,Masculino,Solteiro,Privada,621,2.5,Sim,Sim,Não trabalha,25,Não,1.9,Não,Não,Concluiu
22,Outro,Casado,Privada,589,1.0,Não,Sim,Não trabalha,20,Sim,3.4,Sim,Sim,Concluiu
29,Masculino,Casado,Privada,474,1.0,Não,Sim,Meio período,16,Sim,10.0,Não,Não,Evadiu
21,Masculino,Solteiro,Pública,707,2.1,Sim,Não,Não trabalha,15,Sim,4.2,Sim,Sim,Concluiu
18,Feminino,Solteiro,Pública,651,3.1,Não,Sim,Meio período,13,Sim,3.0,Não,Sim,Concluiu
28,Feminino,Solteiro,Pública,423,0.5,Sim,Sim,Meio período,8,Não,17.8,Sim,Sim,Evadiu
25,Masculino,Casado,Privada,552,8.8,Não,Sim,Meio período,12,Sim,5.0,Não,Sim,Concluiu
23,Feminino,Solteiro,Privada,441,0.5,Não,Não,Período integral,6,Não,24.0,Não,Não,Evadiu
19,Masculino,Solteiro,Pública,519,4.3,Não,Não,Período integral,5,Sim,3.4,Sim,Sim,Concluiu
21,Masculino,Solteiro,Pública,573,6.0,Não,Sim,Não trabalha,22,Sim,11.5,Não,Não,Concluiu
27,Feminino,Solteiro,Privada,715,5.7,Sim,Não,Meio período,12,Sim,9.1,Não,Não,Concluiu
19,Masculino,Solteiro,Pública,610,3.9,Não,Sim,Não trabalha,17,Sim,13.3,Sim,Não,Concluiu
22,Outro,Casado,Privada,803,4.3,Não,Sim,Meio período,16,Sim,8.6,Não,Sim,Concluiu
18,Masculino,Solteiro,Privada,600,3.1,Não,Não,Não trabalha,22,Sim,7.4,Não,Sim,Concluiu
18,Masculino,Outro,Pública,626,1.5,Sim,Sim,Não trabalha,17,Sim,15.1,Sim,Sim,Concluiu
23,Feminino,Outro,Pública,578,1.0,Não,Sim,Meio período,10,Não,46.1,Não,Não,Evadiu
27,Feminino,Solteiro,Pública,648,3.8,Não,Sim,Meio período,20,Sim,7.9,Não,Não,Concluiu
24,Feminino,Solteiro,Privada,759,6.8,Não,Sim,Meio período,11,Sim,7.7,Não,Sim,Concluiu
20,Feminino,Solteiro,Pública,789,1.5,Não,Não,Meio período,4,Não,11.1,Sim,Sim,Concluiu
19,Masculino,Solteiro,Pública,675,3.7,Não,Sim,Não trabalha,14,Sim,5.9,Não,Sim,Concluiu
23,Masculino,Casado,Privada,545,10.0,Não,Não,Não trabalha,23,Sim,8.2,Não,Sim,Concluiu
22,Feminino,Casado,Pública,642,3.8,Não,Sim,Não trabalha,17,Sim,2.0,Sim,Sim,Concluiu
19,Feminino,Solteiro,Pública,725,2.9,Sim,Sim,Não trabalha,18,Sim,2.0,Não,Não,Concluiu
31,Feminino,Solteiro,Pública,419,0.5,Sim,Sim,Não trabalha,17,Sim,42.7,Não,Sim,Evadiu
24,Feminino,Outro,Pública,699,4.5,Não,Não,Não trabalha,23,Sim,3.3,Não,Sim,Concluiu
21,Masculino,Solteiro,Privada,663,8.7,Não,Sim,Meio período,12,Sim,11.5,Não,Sim,Concluiu
26,Feminino,Solteiro,Privada,455,4.5,Não,Não,Período integral,4,Sim,18.7,Não,Sim,Concluiu
27,Feminino,Casado,Pública,715,8.6,Não,Não,Meio período,11,Não,3.5,Não,Sim,Concluiu
20,Feminino,Solteiro,Privada,593,7.2,Não,Não,Período integral,10,Sim,5.4,Não,Sim,Concluiu
24,Masculino,Solteiro,Pública,582,1.1,Sim,Sim,Período integral,4,Não,21.0,Não,Não,Evadiu
19,Feminino,Solteiro,Pública,667,3.6,Sim,Sim,Meio período,10,Sim,9.1,Não,Não,Concluiu
23,Masculino,Solteiro,Pública,615,7.6,Sim,Sim,Não trabalha,24,Sim,24.5,Não,Sim,Concluiu
26,Feminino,Solteiro,Privada,645,7.7,Não,Não,Meio período,14,Sim,1.7,Não,Sim,Concluiu
19,Feminino,Solteiro,Pública,528,1.8,Sim,Sim,Não trabalha,20,Sim,7.1,Sim,Sim,Concluiu
21,Masculino,Solteiro,Pública,635,9.5,Sim,Não,Não trabalha,17,Sim,12.6,Não,Sim,Concluiu
27,Feminino,Outro,Pública,620,1.2,Sim,Não,Não trabalha,15,Sim,16.5,Sim,Sim,Concluiu
24,Masculino,Solteiro,Privada,684,1.8,Sim,Não,Não trabalha,9,Não,4.6,Sim,Sim,Concluiu
23,Feminino,Casado,Pública,470,2.2,Sim,Sim,Período integral,6,Não,7.2,Sim,Sim,Concluiu
20,Masculino,Solteiro,Pública,649,3.7,Não,Sim,Período integral,5,Sim,13.6,Não,Sim,Concluiu
23,Masculino,Casado,Pública,609,4.6,Não,Sim,Meio período,10,Sim,17.1,Não,Não,Concluiu
20,Feminino,Solteiro,Pública,654,5.5,Sim,Sim,Meio período,13,Sim,1.3,Não,Não,Concluiu
26,Feminino,Solteiro,Privada,651,1.2,Sim,Sim,Meio período,16,Não,1.8,Sim,Sim,Concluiu
23,Masculino,Solteiro,Pública,478,0.5,Não,Sim,Período integral,6,Não,63.6,Não,Sim,Evadiu
20,Feminino,Solteiro,Pública,708,2.0,Sim,Sim,Período integral,4,Sim,51.9,Sim,Sim,Evadiu
20,Feminino,Solteiro,Pública,456,3.5,Não,Sim,Período integral,8,Sim,72.9,Não,Sim,Evadiu
22,Feminino,Solteiro,Pública,545,1.0,Sim,Sim,Meio período,9,Não,12.4,Sim,Sim,Concluiu
21,Outro,Solteiro,Pública,645,3.2,Não,Sim,Não trabalha,17,Sim,7.0,Não,Sim,Concluiu
26,Feminino,Solteiro,Pública,689,5.7,Não,Não,Não trabalha,15,Sim,5.6,Não,Sim,Concluiu
24,Feminino,Casado,Pública,729,6.0,Sim,Não,Não trabalha,20,Sim,8.5,Não,Não,Concluiu
20,Feminino,Solteiro,Pública,609,9.0,Sim,Não,Meio período,11,Sim,27.8,Não,Não,Concluiu
30,Masculino,Solteiro,Pública,496,0.5,Sim,Sim,Meio período,17,Não,58.0,Sim,Não,Evadiu
20,Feminino,Solteiro,Pública,708,5.2,Não,Não,Não trabalha,28,Sim,6.4,Não,Não,Concluiu
23,Masculino,Casado,Pública,495,2.4,Não,Sim,Período integral,14,Não,67.9,Sim,Sim,Evadiu
18,Masculino,Solteiro,Privada,571,1.0,Sim,Sim,Não trabalha,26,Não,16.7,Sim,Não,Concluiu
22,Masculino,Solteiro,Pública,586,3.5,Não,Não,Não trabalha,9,Sim,6.5,Não,Sim,Concluiu
29,Outro,Solteiro,Pública,504,1.4,Não,Sim,Período integral,10,Sim,29.4,Sim,Não,Evadiu
25,Feminino,Outro,Pública,400,0.6,Não,Sim,Período integral,12,Sim,25.5,Não,Sim,Evadiu
23,Masculino,Solteiro,Privada,450,2.5,Sim,Não,Não trabalha,19,Sim,9.6,Não,Sim,Concluiu
31,Masculino,Solteiro,Pública,491,0.5,Sim,Sim,Não trabalha,25,Não,74.7,Sim,Sim,Evadiu
25,Masculino,Solteiro,Pública,665,5.3,Não,Não,Não trabalha,15,Sim,15.1,Não,Sim,Concluiu
26,Masculino,Solteiro,Pública,636,3.6,Não,Sim,Meio período,12,Sim,2.5,Sim,Não,Concluiu
23,Masculino,Casado,Privada,638,5.1,Não,Sim,Período integral,0,Sim,11.4,Não,Sim,Concluiu
23,Masculino,Solteiro,Pública,635,8.2,Não,Sim,Meio período,8,Sim,20.0,Não,Sim,Concluiu
20,Masculino,Solteiro,Pública,566,1.0,Sim,Não,Período integral,5,Sim,19.7,Não,Não,Evadiu
23,Feminino,Casado,Privada,722,1.0,Sim,Sim,Não trabalha,25,Sim,8.8,Sim,Não,Concluiu
28,Masculino,Solteiro,Pública,609,1.9,Sim,Não,Período integral,8,Sim,100.0,Não,Sim,Evadiu
21,Masculino,Solteiro,Privada,604,4.0,Sim,Sim,Meio período,14,Sim,7.3,Não,Não,Concluiu
22,Masculino,Solteiro,Pública,514,1.7,Não,Sim,Meio período,10,Sim,20.0,Não,Não,Evadiu
31,Feminino,Solteiro,Privada,525,1.9,Não,Sim,Meio período,10,Não,42.5,Não,Sim,Evadiu
22,Masculino,Solteiro,Pública,466,0.7,Não,Sim,Período integral,3,Não,40.1,Não,Não,Evadiu
27,Feminino,Solteiro,Pública,666,5.2,Sim,Não,Não trabalha,14,Sim,10.4,Sim,Não,Concluiu
23,Masculino,Solteiro,Pública,737,6.8,Sim,Sim,Não trabalha,17,Sim,4.1,Não,Sim,Concluiu
21,Feminino,Solteiro,Privada,702,1.8,Não,Sim,Período integral,7,Sim,10.4,Não,Sim,Concluiu
22,Masculino,Casado,Pública,623,1.8,Não,Sim,Período integral,8,Sim,22.3,Não,Sim,Evadiu
20,Masculino,Solteiro,Pública,577,1.0,Sim,Não,Não trabalha,17,Não,8.7,Sim,Sim,Concluiu
21,Feminino,Solteiro,Pública,605,4.1,Não,Sim,Não trabalha,25,Sim,1.3,Não,Sim,Concluiu
22,Feminino,Outro,Pública,507,0.9,Não,Sim,Período integral,7,Não,48.9,Não,Sim,Evadiu
24,Feminino,Solteiro,Privada,719,6.1,Não,Sim,Não trabalha,25,Sim,21.4,Sim,Sim,Concluiu
26,Feminino,Solteiro,Pública,490,2.8,Não,Sim,Não trabalha,9,Sim,13.1,Não,Sim,Evadiu
24,Feminino,Outro,Pública,609,3.3,Não,Não,Período integral,0,Sim,20.5,Não,Sim,Concluiu
22,Feminino,Casado,Pública,791,3.0,Não,Não,Não trabalha,15,Sim,23.1,Não,Sim,Concluiu
23,Masculino,Solteiro,Pública,698,1.8,Sim,Sim,Não trabalha,23,Sim,2.2,Sim,Sim,Concluiu
25,Feminino,Solteiro,Privada,581,4.1,Não,Sim,Não trabalha,19,Sim,14.7,Não,Não,Concluiu
20,Feminino,Solteiro,Privada,652,5.4,Não,Sim,Não trabalha,18,Sim,17.5,Sim,Não,Concluiu
33,Masculino,Solteiro,Pública,446,1.1,Não,Não,Período integral,10,Não,30.3,Não,Não,Evadiu
28,Masculino,Solteiro,Pública,527,0.5,Não,Sim,Não trabalha,13,Sim,40.5,Sim,Não,Evadiu
21,Outro,Solteiro,Pública,651,2.6,Sim,Sim,Meio período,12,Sim,8.9,Não,Não,Concluiu
34,Masculino,Solteiro,Pública,584,1.5,Não,Sim,Não trabalha,15,Sim,41.4,Não,Sim,Evadiu
20,Masculino,Solteiro,Pública,603,1.8,Sim,Sim,Não trabalha,25,Sim,27.0,Sim,Sim,Concluiu
32,Feminino,Solteiro,Pública,535,2.8,Sim,Sim,Período integral,15,Não,37.2,Não,Não,Evadiu
20,Feminino,Solteiro,Privada,692,1.5,Não,Sim,Meio período,11,Sim,8.8,Sim,Não,Concluiu
22,Masculino,Casado,Privada,728,3.9,Não,Sim,Não trabalha,29,Sim,13.5,Não,Não,Concluiu
18,Feminino,Solteiro,Pública,678,9.7,Não,Sim,Meio período,14,Sim,19.3,Sim,Sim,Concluiu
21,Feminino,Solteiro,Pública,632,3.2,Sim,Não,Meio período,14,Sim,4.9,Não,Sim,Concluiu
22,Masculino,Solteiro,Privada,712,5.9,Sim,Sim,Não trabalha,8,Sim,25.8,Sim,Sim,Concluiu
18,Masculino,Solteiro,Pública,607,6.6,Não,Sim,Não trabalha,9,Sim,5.2,Não,Sim,Concluiu
26,Feminino,Solteiro,Privada,487,2.0,Sim,Não,Meio período,13,Sim,7.0,Não,Sim,Concluiu
23,Feminino,Outro,Pública,645,2.8,Sim,Não,Meio período,16,Sim,10.7,Não,Sim,Concluiu
25,Masculino,Solteiro,Pública,604,3.3,Sim,Sim,Meio período,11,Sim,20.1,Não,Sim,Evadiu
23,Feminino,Solteiro,Pública,662,3.3,Não,Sim,Meio período,7,Sim,1.9,Sim,Sim,Concluiu
23,Feminino,Solteiro,Pública,400,0.8,Não,Sim,Período integral,10,Não,45.7,Não,Não,Evadiu
20,Feminino,Solteiro,Pública,582,0.5,Sim,Sim,Meio período,14,Sim,36.6,Não,Sim,Evadiu
23,Feminino,Casado,Pública,509,1.7,Não,Sim,Meio período,8,Sim,16.3,Não,Não,Evadiu
19,Masculino,Solteiro,Privada,806,4.3,Não,Não,Período integral,6,Sim,15.3,Não,Sim,Concluiu
33,Feminino,Solteiro,Pública,400,0.5,Sim,Sim,Meio período,19,Sim,31.6,Não,Sim,Evadiu
24,Feminino,Solteiro,Pública,667,5.6,Sim,Sim,Meio período,9,Sim,11.0,Não,Sim,Concluiu
21,Masculino,Solteiro,Privada,867,7.8,Sim,Não,Meio período,17,Sim,8.2,Não,Sim,Concluiu
24,Feminino,Solteiro,Privada,618,5.3,Não,Não,Não trabalha,23,Sim,23.5,Não,Sim,Concluiu
31,Feminino,Solteiro,Privada,551,1.1,Sim,Sim,Meio período,11,Sim,54.2,Não,Sim,Evadiu
19,Feminino,Solteiro,Privada,643,1.0,Não,Sim,Período integral,5,Sim,9.6,Sim,Sim,Concluiu
20,Feminino,Solteiro,Privada,583,1.0,Sim,Sim,Período integral,9,Sim,52.9,Sim,Não,Evadiu
23,Masculino,Solteiro,Privada,660,10.0,Não,Sim,Não trabalha,18,Sim,8.5,Não,Sim,Concluiu
20,Masculino,Solteiro,Privada,637,2.7,Sim,Não,Meio período,17,Sim,5.5,Não,Não,Concluiu
22,Masculino,Solteiro,Pública,657,2.0,Não,Sim,Não trabalha,25,Não,8.6,Sim,Sim,Concluiu
22,Feminino,Casado,Privada,758,7.1,Não,Sim,Meio período,4,Sim,6.7,Não,Sim,Concluiu
23,Feminino,Solteiro,Pública,475,1.5,Não,Sim,Período integral,4,Não,34.5,Não,Não,Evadiu
26,Feminino,Solteiro,Pública,713,7.0,Não,Sim,Meio período,18,Sim,21.6,Não,Sim,Concluiu
30,Masculino,Solteiro,Pública,618,0.9,Não,Não,Meio período,9,Não,10.1,Não,Não,Evadiu
22,Feminino,Casado,Pública,659,3.9,Não,Não,Não trabalha,12,Sim,4.2,Sim,Não,Concluiu
18,Masculino,Solteiro,Pública,615,6.4,Não,Sim,Período integral,5,Sim,6.8,Não,Sim,Concluiu
21,Masculino,Solteiro,Pública,486,0.5,Não,Sim,Meio período,3,Sim,68.3,Não,Não,Evadiu
26,Feminino,Casado,Pública,716,3.4,Sim,Sim,Meio período,19,Sim,5.7,Não,Não,Concluiu
20,Masculino,Solteiro,Pública,557,5.4,Sim,Sim,Meio período,14,Sim,15.4,Não,Não,Concluiu
22,Feminino,Casado,Privada,607,7.6,Não,Sim,Não trabalha,13,Sim,17.0,Não,Sim,Concluiu
22,Masculino,Casado,Pública,649,4.8,Não,Sim,Meio período,13,Sim,5.5,Sim,Sim,Concluiu
26,Masculino,Casado,Pública,563,10.0,Sim,Sim,Não trabalha,12,Sim,7.7,Sim,Sim,Concluiu
25,Masculino,Solteiro,Privada,542,3.2,Não,Sim,Não trabalha,24,Sim,0.8,Não,Não,Concluiu
18,Masculino,Solteiro,Privada,637,6.5,Não,Sim,Período integral,5,Sim,5.4,Sim,Sim,Concluiu
19,Feminino,Solteiro,Pública,667,3.6,Sim,Não,Período integral,9,Sim,4.1,Não,Não,Concluiu
23,Masculino,Solteiro,Pública,400,0.5,Não,Sim,Não trabalha,18,Não,46.8,Não,Não,Evadiu
20,Masculino,Outro,Privada,450,1.8,Sim,Não,Período integral,8,Sim,6.0,Sim,Sim,Concluiu
26,Feminino,Solteiro,Pública,603,2.6,Sim,Não,Não trabalha,24,Não,10.5,Não,Sim,Concluiu
19,Feminino,Solteiro,Pública,665,8.5,Não,Não,Não trabalha,14,Sim,5.8,Não,Sim,Concluiu
24,Masculino,Solteiro,Pública,612,1.6,Sim,Sim,Não trabalha,23,Sim,6.1,Sim,Sim,Concluiu
32,Feminino,Casado,Pública,428,0.5,Sim,Sim,Meio período,8,Não,37.1,Não,Sim,Evadiu
23,Masculino,Solteiro,Pública,687,3.5,Não,Sim,Meio período,17,Sim,9.1,Não,Sim,Concluiu
23,Masculino,Solteiro,Pública,703,2.9,Sim,Sim,Não trabalha,13,Sim,1.8,Não,Sim,Concluiu
19,Masculino,Solteiro,Pública,680,2.3,Sim,Sim,Meio período,14,Sim,4.4,Sim,Sim,Concluiu
23,Feminino,Solteiro,Pública,605,2.6,Não,Sim,Não trabalha,17,Sim,13.8,Não,Sim,Concluiu
24,Masculino,Solteiro,Pública,648,1.3,Não,Sim,Meio período,11,Não,7.0,Sim,Sim,Concluiu
25,Masculino,Solteiro,Pública,550,1.1,Não,Não,Meio período,11,Não,46.3,Não,Não,Evadiu
25,Masculino,Solteiro,Pública,625,4.3,Não,Não,Período integral,0,Sim,4.5,Não,Não,Concluiu
18,Masculino,Solteiro,Privada,735,2.1,Não,Sim,Meio período,13,Sim,10.0,Sim,Sim,Concluiu
20,Masculino,Solteiro,Privada,646,9.0,Não,Não,Não trabalha,21,Sim,5.0,Não,Sim,Concluiu
26,Masculino,Solteiro,Pública,489,0.5,Sim,Não,Meio período,18,Sim,31.5,Não,Não,Evadiu
27,Feminino,Casado,Privada,424,0.5,Não,Sim,Período integral,5,Sim,36.5,Não,Sim,Evadiu
34,Masculino,Solteiro,Pública,469,3.3,Sim,Sim,Período integral,3,Sim,19.3,Não,Não,Evadiu
26,Masculino,Solteiro,Privada,496,0.8,Sim,Sim,Período integral,4,Não,15.4,Não,Não,Evadiu
24,Masculino,Solteiro,Pública,582,2.1,Sim,Não,Não trabalha,17,Sim,5.5,Sim,Não,Concluiu
27,Feminino,Solteiro,Pública,577,9.0,Não,Não,Não trabalha,13,Sim,15.5,Não,Sim,Concluiu
21,Masculino,Solteiro,Privada,733,9.9,Não,Sim,Período integral,6,Sim,3.9,Não,Sim,Concluiu
20,Feminino,Solteiro,Pública,779,7.2,Não,Não,Meio período,11,Sim,8.7,Não,Sim,Concluiu
18,Feminino,Solteiro,Pública,566,6.2,Sim,Sim,Não trabalha,22,Sim,10.2,Não,Não,Concluiu
20,Masculino,Solteiro,Privada,769,3.9,Sim,Sim,Não trabalha,20,Não,10.7,Sim,Sim,Concluiu
20,Masculino,Solteiro,Pública,538,4.7,Sim,Não,Não trabalha,27,Sim,5.5,Não,Não,Concluiu
26,Masculino,Solteiro,Privada,789,7.3,Não,Sim,Não trabalha,21,Sim,11.0,Não,Sim,Concluiu
26,Masculino,Solteiro,Privada,578,9.0,Não,Não,Não trabalha,14,Sim,6.9,Não,Sim,Concluiu
18,Feminino,Solteiro,Pública,719,4.8,Não,Não,Período integral,5,Sim,12.6,Não,Sim,Concluiu
19,Masculino,Solteiro,Pública,668,2.9,Sim,Sim,Período integral,14,Sim,6.8,Não,Sim,Concluiu
23,Feminino,Solteiro,Pública,623,3.3,Sim,Sim,Meio período,17,Sim,11.0,Não,Sim,Concluiu
33,Feminino,Solteiro,Pública,400,0.5,Sim,Sim,Período integral,7,Não,35.8,Não,Não,Evadiu
26,Masculino,Solteiro,Pública,698,4.1,Não,Não,Período integral,1,Sim,17.2,Não,Não,Concluiu
25,Masculino,Outro,Pública,650,1.2,Sim,Sim,Meio período,21,Não,1.1,Sim,Sim,Concluiu
27,Masculino,Solteiro,Pública,496,1.3,Sim,Sim,Período integral,5,Não,69.6,Sim,Não,Evadiu
21,Masculino,Solteiro,Pública,775,2.5,Sim,Não,Período integral,6,Sim,13.6,Não,Não,Concluiu
24,Masculino,Casado,Pública,421,1.7,Não,Sim,Meio período,5,Sim,32.1,Não,Sim,Evadiu
23,Feminino,Solteiro,Pública,609,2.7,Não,Sim,Não trabalha,16,Não,2.8,Não,Não,Concluiu
19,Masculino,Solteiro,Pública,581,4.7,Não,Sim,Meio período,16,Sim,7.8,Não,Sim,Concluiu
34,Feminino,Solteiro,Pública,535,0.5,Sim,Não,Meio período,12,Não,3.6,Sim,Não,Evadiu
23,Masculino,Solteiro,Pública,568,0.5,Sim,Sim,Meio período,6,Não,18.0,Não,Sim,Evadiu
23,Feminino,Solteiro,Privada,580,8.6,Sim,Sim,Não trabalha,20,Sim,3.8,Não,Sim,Concluiu
23,Masculino,Casado,Privada,687,3.4,Não,Sim,Meio período,7,Não,1.4,Sim,Sim,Concluiu
24,Feminino,Solteiro,Pública,691,1.7,Sim,Sim,Não trabalha,22,Sim,8.2,Sim,Não,Concluiu
27,Masculino,Solteiro,Privada,683,7.0,Não,Sim,Não trabalha,20,Sim,8.6,Não,Sim,Concluiu
23,Feminino,Casado,Pública,594,1.6,Sim,Não,Período integral,8,Sim,24.9,Sim,Sim,Evadiu
26,Masculino,Solteiro,Pública,689,1.1,Não,Sim,Não trabalha,22,Não,22.9,Sim,Sim,Evadiu
20,Masculino,Solteiro,Pública,575,4.1,Não,Sim,Meio período,13,Sim,5.3,Sim,Sim,Concluiu
24,Masculino,Solteiro,Pública,486,1.1,Não,Sim,Período integral,7,Não,37.2,Não,Sim,Evadiu
32,Masculino,Solteiro,Privada,400,1.4,Não,Sim,Meio período,15,Não,14.3,Não,Não,Evadiu
26,Masculino,Solteiro,Pública,716,4.2,Não,Não,Não trabalha,17,Sim,1.9,Não,Sim,Concluiu
33,Feminino,Solteiro,Pública,466,0.8,Não,Sim,Meio período,11,Sim,28.1,Sim,Não,Evadiu
22,Masculino,Solteiro,Privada,488,7.4,Sim,Sim,Meio período,17,Sim,11.0,Não,Não,Concluiu
19,Feminino,Solteiro,Pública,563,4.0,Sim,Não,Meio período,8,Sim,14.7,Não,Sim,Concluiu
24,Feminino,Solteiro,Pública,738,5.1,Sim,Não,Meio período,9,Sim,0.9,Não,Não,Concluiu
31,Feminino,Solteiro,Privada,524,0.5,Não,Sim,Meio período,16,Não,31.9,Não,Sim,Evadiu
20,Feminino,Solteiro,Pública,757,1.0,Sim,Não,Não trabalha,20,Sim,3.8,Sim,Sim,Concluiu
21,Masculino,Solteiro,Privada,761,6.4,Não,Sim,Não trabalha,13,Sim,10.9,Não,Sim,Concluiu
27,Masculino,Casado,Privada,400,2.3,Não,Sim,Meio período,15,Sim,46.4,Não,Não,Evadiu
27,Masculino,Solteiro,Pública,596,4.9,Não,Não,Não trabalha,10,Sim,6.5,Não,Sim,Concluiu
19,Masculino,Solteiro,Pública,504,3.9,Sim,Sim,Não trabalha,21,Sim,2.5,Não,Não,Concluiu
27,Feminino,Casado,Pública,664,7.5,Não,Sim,Não trabalha,25,Sim,15.4,Sim,Sim,Concluiu
22,Masculino,Solteiro,Privada,513,8.3,Não,Não,Não trabalha,10,Sim,5.0,Não,Não,Concluiu
24,Feminino,Solteiro,Privada,781,1.0,Sim,Sim,Não trabalha,12,Não,13.5,Sim,Sim,Concluiu
22,Masculino,Solteiro,Pública,400,1.2,Sim,Sim,Período integral,6,Não,19.8,Não,Não,Evadiu
24,Masculino,Solteiro,Pública,732,10.0,Não,Sim,Meio período,9,Sim,12.3,Não,Sim,Concluiu
19,Masculino,Solteiro,Pública,670,3.8,Não,Não,Meio período,13,Sim,3.8,Não,Sim,Concluiu
23,Masculino,Solteiro,Pública,636,7.7,Não,Não,Não trabalha,22,Não,10.2,Não,Sim,Concluiu
19,Feminino,Solteiro,Pública,706,4.4,Não,Sim,Não trabalha,24,Sim,12.4,Sim,Sim,Concluiu
19,Masculino,Solteiro,Pública,748,10.0,Não,Sim,Não trabalha,13,Sim,16.2,Não,Sim,Concluiu
26,Feminino,Casado,Pública,628,0.7,Sim,Não,Meio período,17,Não,24.6,Não,Não,Evadiu
26,Masculino,Casado,Privada,670,6.3,Não,Sim,Período integral,8,Sim,17.9,Não,Sim,Concluiu
22,Masculino,Solteiro,Pública,717,3.9,Não,Sim,Não trabalha,19,Sim,3.7,Não,Sim,Concluiu
27,Feminino,Outro,Privada,637,3.9,Sim,Sim,Não trabalha,30,Sim,5.3,Não,Não,Concluiu
23,Feminino,Solteiro,Privada,680,3.6,Não,Não,Meio período,20,Sim,7.1,Não,Sim,Concluiu
22,Feminino,Solteiro,Pública,709,3.8,Não,Sim,Não trabalha,23,Sim,10.8,Não,Sim,Concluiu
18,Feminino,Solteiro,Pública,657,10.0,Não,Não,Não trabalha,26,Sim,14.2,Não,Sim,Concluiu
19,Feminino,Solteiro,Pública,521,9.1,Sim,Não,Não trabalha,15,Sim,1.0,Não,Sim,Concluiu
34,Feminino,Solteiro,Privada,556,0.5,Não,Não,Período integral,8,Não,53.8,Não,Não,Evadiu
27,Feminino,Solteiro,Pública,537,0.5,Não,Sim,Meio período,9,Sim,67.6,Sim,Não,Evadiu
21,Masculino,Solteiro,Pública,573,0.5,Não,Sim,Período integral,12,Não,24.0,Não,Sim,Evadiu
19,Feminino,Solteiro,Privada,671,7.8,Não,Não,Não trabalha,21,Sim,6.2,Não,Sim,Concluiu
23,Feminino,Solteiro,Privada,827,4.9,Não,Sim,Meio período,12,Sim,0.5,Não,Sim,Concluiu
19,Masculino,Solteiro,Pública,762,1.4,Sim,Sim,Meio período,19,Sim,9.9,Sim,Sim,Concluiu
22,Feminino,Solteiro,Pública,422,0.5,Não,Não,Meio período,14,Sim,31.4,Não,Não,Evadiu
24,Feminino,Solteiro,Pública,599,1.6,Não,Sim,Período integral,9,Não,32.1,Sim,Não,Evadiu
19,Masculino,Solteiro,Privada,664,6.8,Não,Sim,Período integral,11,Sim,3.6,Sim,Sim,Concluiu
22,Masculino,Solteiro,Privada,641,0.5,Não,Sim,Período integral,7,Sim,56.9,Não,Sim,Evadiu
18,Feminino,Solteiro,Privada,577,4.1,Não,Não,Período integral,8,Sim,0.9,Sim,Não,Concluiu
18,Masculino,Outro,Pública,577,3.3,Sim,Não,Meio período,15,Sim,2.9,Não,Não,Concluiu
19,Masculino,Solteiro,Pública,602,3.9,Não,Não,Não trabalha,18,Sim,2.2,Não,Não,Concluiu
22,Masculino,Solteiro,Pública,659,4.1,Não,Sim,Meio período,20,Sim,10.4,Não,Sim,Concluiu
26,Feminino,Solteiro,Pública,501,2.2,Não,Sim,Período integral,5,Sim,67.8,Não,Sim,Evadiu
24,Masculino,Solteiro,Pública,400,0.9,Sim,Sim,Meio período,15,Não,68.7,Não,Não,Evadiu
21,Feminino,Solteiro,Pública,779,6.9,Não,Sim,Período integral,8,Sim,3.7,Não,Sim,Concluiu
27,Masculino,Casado,Pública,576,10.0,Não,Sim,Meio período,10,Sim,11.4,Não,Sim,Concluiu
24,Masculino,Solteiro,Pública,771,2.9,Não,Sim,Não trabalha,15,Não,1.1,Não,Sim,Concluiu
22,Feminino,Casado,Privada,494,5.3,Sim,Sim,Não trabalha,14,Sim,11.5,Não,Não,Concluiu
22,Feminino,Solteiro,Privada,723,8.6,Não,Não,Meio período,10,Sim,6.3,Não,Sim,Concluiu
34,Feminino,Solteiro,Pública,551,0.5,Não,Sim,Período integral,3,Não,54.3,Sim,Não,Evadiu
18,Feminino,Solteiro,Privada,711,9.3,Não,Sim,Não trabalha,21,Sim,14.7,Não,Sim,Concluiu
25,Masculino,Solteiro,Pública,560,2.3,Sim,Sim,Meio período,16,Sim,2.0,Não,Sim,Concluiu
23,Masculino,Solteiro,Privada,571,4.9,Não,Sim,Não trabalha,28,Sim,14.0,Não,Sim,Concluiu
21,Outro,Solteiro,Pública,599,1.7,Sim,Sim,Não trabalha,22,Sim,19.6,Sim,Sim,Concluiu
25,Masculino,Solteiro,Pública,637,2.6,Não,Não,Meio período,11,Sim,7.8,Não,Sim,Concluiu
27,Feminino,Casado,Pública,676,3.3,Sim,Não,Não trabalha,7,Sim,9.9,Não,Não,Concluiu
32,Masculino,Solteiro,Pública,532,0.9,Sim,Sim,Meio período,14,Não,25.3,Sim,Sim,Evadiu
18,Feminino,Solteiro,Privada,690,4.2,Não,Sim,Não trabalha,19,Sim,2.4,Não,Não,Concluiu
24,Feminino,Casado,Privada,571,0.6,Não,Sim,Meio período,9,Não,55.6,Não,Sim,Evadiu
19,Masculino,Solteiro,Pública,620,7.9,Não,Não,Meio período,9,Sim,30.8,Não,Sim,Concluiu
19,Masculino,Solteiro,Pública,545,3.1,Sim,Sim,Período integral,3,Sim,20.5,Não,Sim,Concluiu
25,Masculino,Solteiro,Pública,507,4.3,Não,Sim,Meio período,12,Sim,2.9,Não,Não,Concluiu
27,Masculino,Solteiro,Pública,700,2.4,Sim,Sim,Não trabalha,20,Sim,60.7,Não,Não,Evadiu
26,Masculino,Solteiro,Pública,694,2.8,Sim,Não,Não trabalha,19,Sim,14.5,Sim,Não,Concluiu
21,Feminino,Solteiro,Pública,608,5.3,Não,Não,Não trabalha,28,Sim,2.4,Não,Não,Concluiu
20,Masculino,Solteiro,Privada,666,3.1,Não,Não,Não trabalha,24,Sim,10.7,Não,Sim,Concluiu
25,Feminino,Solteiro,Pública,639,1.0,Sim,Sim,Período integral,7,Não,46.2,Sim,Não,Evadiu
27,Masculino,Solteiro,Pública,400,1.4,Não,Sim,Período integral,6,Não,35.4,Sim,Sim,Evadiu
23,Feminino,Solteiro,Pública,614,1.7,Sim,Não,Período integral,8,Sim,58.8,Não,Não,Evadiu
21,Masculino,Solteiro,Pública,707,3.1,Não,Sim,Não trabalha,14,Sim,4.7,Não,Sim,Concluiu
26,Masculino,Solteiro,Pública,663,2.5,Não,Não,Não trabalha,16,Sim,7.4,Não,Sim,Concluiu
27,Masculino,Solteiro,Pública,636,6.1,Sim,Sim,Meio período,13,Sim,4.0,Não,Sim,Concluiu
26,Masculino,Outro,Pública,727,1.6,Não,Sim,Período integral,2,Não,33.6,Sim,Sim,Concluiu
29,Feminino,Casado,Pública,426,1.2,Não,Sim,Não trabalha,27,Não,17.1,Sim,Não,Evadiu
21,Masculino,Solteiro,Pública,653,1.0,Sim,Sim,Meio período,14,Não,5.7,Não,Não,Concluiu
23,Masculino,Solteiro,Pública,610,3.2,Não,Não,Não trabalha,22,Sim,3.9,Não,Sim,Concluiu
18,Feminino,Solteiro,Pública,624,4.4,Sim,Sim,Meio período,9,Sim,6.5,Não,Sim,Concluiu
23,Feminino,Solteiro,Privada,642,3.1,Não,Sim,Meio período,9,Sim,37.3,Não,Sim,Concluiu
22,Feminino,Solteiro,Pública,736,2.8,Sim,Sim,Meio período,11,Sim,14.6,Não,Sim,Concluiu
21,Feminino,Casado,Pública,612,5.4,Sim,Não,Não trabalha,12,Sim,18.7,Não,Sim,Concluiu
24,Masculino,Casado,Pública,825,3.5,Não,Sim,Não trabalha,19,Sim,12.0,Não,Não,Concluiu
32,Masculino,Solteiro,Pública,576,0.5,Não,Sim,Período integral,6,Sim,14.5,Não,Não,Evadiu
25,Feminino,Casado,Privada,633,0.8,Sim,Sim,Período integral,7,Não,54.1,Não,Sim,Evadiu
22,Masculino,Casado,Privada,559,4.0,Não,Sim,Meio período,13,Sim,7.2,Não,Sim,Concluiu
21,Feminino,Solteiro,Privada,740,2.6,Não,Sim,Não trabalha,21,Sim,0.9,Não,Não,Concluiu
26,Masculino,Casado,Pública,583,0.5,Não,Sim,Período integral,2,Não,24.1,Não,Não,Evadiu
26,Masculino,Solteiro,Pública,618,1.6,Sim,Sim,Não trabalha,11,Sim,12.9,Não,Sim,Concluiu
24,Masculino,Solteiro,Pública,635,4.4,Não,Não,Não trabalha,15,Sim,2.5,Não,Sim,Concluiu
22,Feminino,Solteiro,Privada,676,3.1,Não,Não,Não trabalha,23,Sim,10.9,Não,Sim,Concluiu
21,Masculino,Solteiro,Privada,888,4.2,Sim,Sim,Meio período,15,Sim,9.1,Não,Sim,Concluiu
34,Masculino,Casado,Privada,492,0.8,Sim,Não,Não trabalha,18,Sim,29.5,Não,Sim,Evadiu
23,Feminino,Casado,Privada,707,2.7,Sim,Sim,Não trabalha,24,Sim,13.7,Não,Sim,Concluiu
26,Masculino,Solteiro,Pública,604,2.3,Sim,Sim,Não trabalha,24,Sim,5.4,Não,Não,Concluiu
23,Feminino,Solteiro,Pública,807,2.5,Não,Sim,Meio período,9,Sim,14.1,Sim,Sim,Concluiu
26,Feminino,Solteiro,Privada,696,2.8,Não,Não,Não trabalha,16,Sim,2.6,Sim,Não,Concluiu
34,Feminino,Solteiro,Privada,482,0.5,Não,Sim,Período integral,10,Não,42.4,Não,Sim,Evadiu
18,Feminino,Solteiro,Pública,610,3.4,Não,Não,Não trabalha,22,Sim,5.9,Não,Sim,Concluiu
20,Masculino,Outro,Privada,560,5.5,Sim,Sim,Não trabalha,23,Sim,7.6,Não,Sim,Concluiu
27,Feminino,Solteiro,Pública,648,10.0,Não,Não,Período integral,3,Sim,30.7,Não,Sim,Concluiu
26,Masculino,Solteiro,Pública,611,5.8,Não,Não,Não trabalha,13,Sim,9.7,Não,Sim,Concluiu
23,Feminino,Solteiro,Privada,542,10.0,Não,Sim,Período integral,2,Sim,11.0,Não,Sim,Concluiu
34,Masculino,Casado,Pública,541,0.7,Sim,Sim,Período integral,7,Sim,43.4,Sim,Não,Evadiu
23,Masculino,Solteiro,Privada,508,2.2,Não,Não,Não trabalha,15,Sim,18.6,Sim,Sim,Concluiu
19,Feminino,Solteiro,Privada,728,3.7,Não,Não,Não trabalha,23,Não,18.7,Não,Sim,Concluiu
21,Masculino,Solteiro,Privada,594,5.6,Não,Não,Período integral,3,Sim,4.9,Não,Sim,Concluiu
32,Masculino,Solteiro,Pública,400,0.5,Sim,Sim,Período integral,11,Não,29.3,Não,Não,Evadiu
18,Masculino,Solteiro,Pública,678,8.5,Sim,Sim,Não trabalha,19,Sim,25.0,Sim,Não,Concluiu
29,Feminino,Casado,Pública,646,1.2,Não,Sim,Período integral,14,Não,26.0,Não,Não,Evadiu
27,Feminino,Solteiro,Pública,701,1.2,Não,Sim,Meio período,19,Sim,8.7,Não,Sim,Concluiu
32,Masculino,Solteiro,Pública,471,0.7,Sim,Sim,Período integral,5,Não,17.3,Não,Não,Evadiu
23,Masculino,Solteiro,Pública,611,3.1,Sim,Não,Não trabalha,19,Sim,7.4,Sim,Sim,Concluiu
24,Feminino,Solteiro,Privada,554,10.0,Não,Sim,Não trabalha,16,Sim,9.4,Sim,Não,Concluiu
24,Masculino,Solteiro,Privada,651,5.5,Sim,Não,Não trabalha,10,Sim,12.9,Não,Sim,Concluiu
30,Masculino,Outro,Pública,672,0.5,Não,Sim,Meio período,7,Não,45.9,Não,Não,Evadiu
25,Feminino,Outro,Privada,538,5.8,Não,Sim,Período integral,6,Sim,28.8,Não,Não,Concluiu
31,Masculino,Casado,Pública,474,2.8,Não,Sim,Período integral,7,Sim,31.6,Não,Não,Evadiu
19,Masculino,Solteiro,Pública,712,8.5,Não,Não,Meio período,17,Sim,21.7,Não,Sim,Concluiu
19,Feminino,Solteiro,Privada,587,2.6,Sim,Sim,Meio período,9,Sim,1.8,Não,Não,Concluiu
21,Feminino,Solteiro,Pública,730,2.2,Não,Sim,Não trabalha,21,Sim,11.3,Não,Sim,Concluiu
20,Feminino,Solteiro,Privada,612,6.8,Não,Não,Não trabalha,19,Sim,17.1,Sim,Sim,Concluiu
22,Feminino,Casado,Pública,655,6.5,Não,Não,Não trabalha,16,Sim,6.0,Não,Sim,Concluiu
27,Masculino,Casado,Privada,599,5.6,Não,Sim,Meio período,20,Sim,11.1,Não,Sim,Concluiu
18,Feminino,Solteiro,Pública,608,6.6,Sim,Sim,Período integral,13,Sim,1.4,Sim,Sim,Concluiu
22,Feminino,Outro,Privada,561,4.1,Não,Não,Meio período,16,Sim,4.6,Não,Não,Concluiu
32,Feminino,Casado,Pública,625,0.5,Sim,Sim,Meio período,10,Não,28.6,Sim,Não,Evadiu
22,Feminino,Solteiro,Privada,590,3.4,Sim,Sim,Não trabalha,19,Sim,20.9,Não,Sim,Concluiu
30,Masculino,Solteiro,Pública,482,0.7,Não,Sim,Meio período,17,Não,59.0,Sim,Sim,Evadiu
26,Feminino,Casado,Pública,561,1.2,Sim,Sim,Não trabalha,23,Não,2.5,Sim,Sim,Concluiu
19,Masculino,Solteiro,Privada,713,3.0,Não,Sim,Meio período,13,Sim,10.9,Não,Sim,Concluiu
23,Masculino,Solteiro,Pública,491,0.9,Sim,Sim,Não trabalha,13,Não,43.3,Sim,Não,Evadiu
22,Feminino,Solteiro,Privada,652,8.0,Sim,Sim,Período integral,2,Sim,14.1,Não,Sim,Concluiu
18,Masculino,Solteiro,Pública,565,3.9,Não,Sim,Período integral,8,Sim,4.1,Não,Sim,Concluiu
20,Outro,Solteiro,Pública,632,5.1,Sim,Não,Meio período,16,Sim,5.4,Sim,Sim,Concluiu
19,Masculino,Solteiro,Pública,523,2.6,Não,Não,Não trabalha,15,Sim,20.2,Não,Não,Concluiu
26,Masculino,Casado,Pública,646,9.1,Não,Sim,Meio período,12,Sim,4.3,Não,Sim,Concluiu
23,Feminino,Solteiro,Pública,512,2.1,Não,Sim,Meio período,10,Sim,1.3,Não,Sim,Concluiu
27,Masculino,Outro,Pública,578,4.6,Não,Sim,Período integral,9,Sim,1.8,Não,Sim,Concluiu
19,Feminino,Solteiro,Privada,638,1.0,Sim,Não,Meio período,11,Não,7.2,Não,Sim,Concluiu
19,Masculino,Solteiro,Pública,661,2.3,Não,Sim,Não trabalha,22,Sim,19.7,Sim,Sim,Concluiu
23,Feminino,Outro,Pública,633,2.7,Sim,Sim,Meio período,6,Não,7.2,Não,Sim,Concluiu
26,Feminino,Solteiro,Pública,573,1.8,Sim,Sim,Meio período,13,Sim,10.0,Sim,Sim,Concluiu
22,Feminino,Casado,Pública,740,5.4,Não,Não,Meio período,13,Sim,6.1,Não,Sim,Concluiu
20,Feminino,Casado,Pública,705,3.1,Não,Sim,Período integral,7,Sim,8.4,Não,Sim,Concluiu
29,Feminino,Solteiro,Pública,484,0.5,Não,Sim,Período integral,5,Não,12.8,Sim,Não,Evadiu
18,Feminino,Solteiro,Pública,651,5.1,Não,Não,Meio período,16,Sim,10.6,Não,Sim,Concluiu
24,Masculino,Solteiro,Pública,662,4.2,Não,Sim,Meio período,14,Sim,11.6,Não,Sim,Concluiu
25,Feminino,Casado,Pública,610,2.4,Não,Sim,Período integral,9,Não,52.8,Sim,Não,Evadiu
27,Feminino,Solteiro,Privada,649,5.7,Não,Sim,Não trabalha,9,Sim,5.9,Não,Sim,Concluiu
30,Feminino,Outro,Privada,700,0.5,Sim,Sim,Não trabalha,15,Não,52.7,Não,Não,Evadiu
22,Feminino,Solteiro,Pública,669,1.1,Sim,Sim,Não trabalha,15,Não,19.5,Não,Sim,Concluiu
26,Masculino,Solteiro,Pública,591,2.0,Sim,Sim,Meio período,17,Não,14.8,Sim,Sim,Concluiu
27,Masculino,Solteiro,Pública,713,1.4,Não,Sim,Não trabalha,23,Não,4.1,Não,Sim,Concluiu
29,Feminino,Solteiro,Privada,400,2.7,Não,Não,Meio período,14,Não,33.2,Sim,Não,Evadiu
20,Masculino,Solteiro,Pública,764,3.0,Não,Sim,Período integral,11,Sim,7.4,Não,Não,Concluiu
18,Feminino,Solteiro,Privada,690,3.9,Não,Não,Meio período,14,Sim,12.9,Sim,Não,Concluiu
33,Feminino,Solteiro,Pública,547,0.7,Não,Sim,Período integral,7,Não,79.0,Não,Sim,Evadiu
27,Outro,Solteiro,Pública,461,0.5,Sim,Sim,Não trabalha,18,Não,21.0,Não,Não,Evadiu
23,Masculino,Solteiro,Pública,581,4.8,Não,Sim,Meio período,9,Sim,9.2,Sim,Sim,Concluiu
19,Masculino,Solteiro,Privada,560,7.2,Sim,Sim,Meio período,10,Sim,9.5,Não,Não,Concluiu
32,Feminino,Casado,Pública,499,1.4,Sim,Sim,Período integral,1,Sim,46.7,Não,Não,Evadiu
27,Masculino,Solteiro,Privada,605,5.3,Não,Sim,Não trabalha,16,Sim,6.2,Sim,Não,Concluiu
19,Feminino,Solteiro,Pública,667,5.9,Não,Não,Meio período,11,Sim,20.9,Sim,Sim,Concluiu
25,Outro,Solteiro,Pública,482,0.7,Sim,Não,Período integral,14,Não,25.4,Não,Não,Evadiu
27,Feminino,Casado,Pública,826,4.7,Sim,Sim,Meio período,13,Sim,6.4,Não,Sim,Concluiu
21,Masculino,Solteiro,Pública,499,3.3,Sim,Sim,Meio período,14,Sim,15.6,Não,Sim,Concluiu
20,Feminino,Solteiro,Pública,616,0.5,Não,Sim,Período integral,4,Não,19.0,Não,Não,Evadiu
24,Masculino,Solteiro,Privada,692,0.5,Não,Sim,Período integral,7,Não,17.3,Não,Não,Evadiu
26,Feminino,Casado,Pública,735,5.4,Não,Sim,Não trabalha,17,Sim,13.7,Não,Sim,Concluiu
25,Masculino,Casado,Pública,701,2.3,Não,Não,Não trabalha,22,Sim,8.4,Sim,Sim,Concluiu
27,Masculino,Solteiro,Pública,782,2.4,Não,Sim,Período integral,11,Sim,6.9,Não,Sim,Concluiu
27,Masculino,Solteiro,Privada,730,2.4,Sim,Sim,Não trabalha,25,Sim,12.5,Sim,Não,Concluiu
19,Feminino,Solteiro,Privada,725,5.4,Sim,Sim,Não trabalha,22,Sim,9.1,Sim,Sim,Concluiu
27,Feminino,Solteiro,Privada,660,8.2,Não,Sim,Não trabalha,27,Sim,8.2,Não,Sim,Concluiu
18,Masculino,Solteiro,Pública,678,3.2,Não,Sim,Não trabalha,16,Sim,12.7,Não,Sim,Concluiu
20,Masculino,Solteiro,Pública,607,4.9,Sim,Sim,Não trabalha,14,Sim,1.6,Sim,Sim,Concluiu
22,Masculino,Solteiro,Privada,603,0.7,Sim,Sim,Período integral,12,Não,16.9,Não,Não,Evadiu
25,Feminino,Solteiro,Pública,591,0.5,Não,Não,Período integral,7,Não,80.4,Não,Não,Evadiu
22,Masculino,Solteiro,Privada,600,1.5,Sim,Sim,Não trabalha,20,Não,7.6,Sim,Sim,Concluiu
24,Feminino,Solteiro,Privada,638,5.9,Sim,Sim,Não trabalha,15,Sim,7.0,Sim,Sim,Concluiu
26,Feminino,Solteiro,Pública,721,4.8,Não,Sim,Não trabalha,14,Sim,16.8,Não,Sim,Concluiu
21,Masculino,Solteiro,Privada,615,6.2,Não,Sim,Meio período,10,Sim,1.1,Não,Não,Concluiu
25,Masculino,Solteiro,Pública,827,4.7,Sim,Não,Meio período,17,Não,7.1,Não,Sim,Concluiu
26,Masculino,Solteiro,Pública,722,10.0,Não,Sim,Não trabalha,15,Sim,9.4,Sim,Sim,Concluiu
21,Feminino,Solteiro,Pública,544,0.7,Não,Sim,Meio período,9,Não,38.4,Sim,Sim,Evadiu
24,Feminino,Solteiro,Pública,728,2.9,Sim,Não,Meio período,12,Sim,5.5,Sim,Não,Concluiu
20,Masculino,Solteiro,Pública,856,1.9,Não,Sim,Meio período,4,Sim,2.6,Sim,Não,Concluiu
23,Masculino,Solteiro,Privada,638,1.0,Não,Sim,Não trabalha,21,Não,2.9,Sim,Não,Concluiu
27,Feminino,Solteiro,Pública,560,9.4,Não,Sim,Meio período,8,Sim,3.0,Não,Não,Concluiu
34,Feminino,Solteiro,Pública,400,0.6,Sim,Não,Período integral,10,Não,48.4,Não,Não,Evadiu
34,Masculino,Solteiro,Pública,400,1.1,Não,Sim,Período integral,7,Não,15.6,Não,Sim,Evadiu
24,Masculino,Solteiro,Privada,725,2.1,Sim,Sim,Não trabalha,15,Sim,30.2,Sim,Sim,Concluiu
31,Masculino,Solteiro,Pública,570,0.5,Não,Sim,Período integral,4,Sim,30.9,Sim,Não,Evadiu
24,Masculino,Casado,Pública,598,0.5,Sim,Sim,Período integral,6,Não,34.6,Não,Sim,Evadiu
27,Masculino,Outro,Pública,642,2.0,Não,Sim,Meio período,11,Sim,15.1,Sim,Sim,Concluiu
26,Feminino,Solteiro,Pública,453,0.5,Não,Sim,Período integral,7,Sim,100.0,Não,Sim,Evadiu
22,Feminino,Casado,Privada,671,5.1,Sim,Não,Não trabalha,24,Sim,8.6,Não,Sim,Concluiu
19,Feminino,Solteiro,Pública,599,4.3,Não,Sim,Meio período,3,Sim,30.4,Sim,Sim,Concluiu
22,Masculino,Casado,Pública,783,2.4,Sim,Não,Meio período,12,Sim,5.6,Sim,Sim,Concluiu
27,Masculino,Solteiro,Pública,526,3.2,Não,Sim,Período integral,12,Sim,59.1,Não,Não,Evadiu
19,Outro,Solteiro,Privada,583,3.9,Sim,Não,Não trabalha,17,Sim,25.6,Não,Sim,Concluiu
19,Masculino,Solteiro,Pública,647,8.9,Não,Sim,Não trabalha,18,Sim,18.5,Não,Não,Concluiu
26,Masculino,Solteiro,Privada,801,4.1,Sim,Não,Meio período,6,Sim,2.6,Não,Sim,Concluiu
25,Masculino,Solteiro,Privada,662,2.6,Sim,Sim,Não trabalha,20,Sim,7.9,Não,Sim,Concluiu
18,Masculino,Solteiro,Pública,519,7.7,Não,Não,Não trabalha,19,Sim,17.5,Não,Sim,Concluiu
24,Feminino,Casado,Pública,759,1.0,Sim,Sim,Meio período,16,Não,8.0,Sim,Sim,Concluiu
26,Masculino,Casado,Pública,574,7.0,Sim,Sim,Não trabalha,14,Sim,15.1,Sim,Não,Concluiu
27,Feminino,Casado,Privada,642,5.1,Não,Não,Meio período,12,Sim,2.0,Não,Sim,Concluiu
19,Feminino,Solteiro,Privada,723,5.2,Não,Sim,Não trabalha,27,Sim,7.3,Não,Sim,Concluiu
27,Masculino,Solteiro,Pública,573,3.7,Não,Sim,Não trabalha,13,Sim,2.2,Não,Não,Concluiu
20,Feminino,Solteiro,Pública,613,3.5,Não,Sim,Não trabalha,21,Não,6.7,Não,Sim,Concluiu
27,Feminino,Solteiro,Privada,558,7.0,Não,Sim,Meio período,13,Não,8.7,Não,Sim,Concluiu
19,Feminino,Solteiro,Pública,639,4.8,Não,Sim,Não trabalha,20,Sim,8.6,Não,Sim,Concluiu
25,Masculino,Casado,Privada,745,6.5,Não,Não,Não trabalha,27,Sim,4.1,Sim,Sim,Concluiu
23,Masculino,Solteiro,Privada,579,3.8,Não,Não,Não trabalha,10,Sim,31.1,Não,Sim,Concluiu
27,Masculino,Solteiro,Pública,515,1.9,Sim,Não,Meio período,10,Sim,8.7,Sim,Sim,Concluiu
25,Feminino,Casado,Pública,644,1.0,Não,Sim,Meio período,9,Não,47.9,Sim,Sim,Evadiu
18,Feminino,Solteiro,Privada,686,2.4,Sim,Sim,Meio período,12,Não,18.3,Sim,Sim,Concluiu
26,Feminino,Casado,Pública,724,2.0,Não,Sim,Meio período,12,Sim,1.3,Sim,Sim,Concluiu
21,Masculino,Solteiro,Privada,765,4.8,Sim,Não,Não trabalha,14,Sim,8.2,Não,Sim,Concluiu
30,Feminino,Casado,Privada,457,0.5,Não,Não,Não trabalha,25,Não,52.6,Não,Sim,Evadiu
27,Feminino,Casado,Privada,666,1.0,Não,Sim,Período integral,7,Não,12.5,Não,Sim,Concluiu
20,Feminino,Solteiro,Pública,634,2.1,Não,Sim,Não trabalha,13,Sim,4.9,Sim,Sim,Concluiu
23,Feminino,Casado,Pública,516,3.1,Não,Sim,Não trabalha,15,Sim,3.2,Sim,Sim,Concluiu
26,Feminino,Solteiro,Pública,853,2.0,Não,Sim,Não trabalha,6,Sim,25.6,Não,Sim,Concluiu
24,Masculino,Casado,Pública,621,3.0,Sim,Sim,Meio período,9,Sim,27.3,Não,Sim,Concluiu
22,Feminino,Casado,Pública,644,3.3,Não,Não,Não trabalha,16,Sim,13.4,Não,Sim,Concluiu
20,Masculino,Solteiro,Pública,584,5.6,Não,Não,Não trabalha,20,Não,5.9,Sim,Sim,Concluiu
22,Feminino,Solteiro,Pública,758,4.1,Não,Não,Não trabalha,19,Sim,4.2,Não,Sim,Concluiu
21,Feminino,Solteiro,Pública,554,1.4,Sim,Sim,Não trabalha,27,Não,76.7,Não,Não,Evadiu
26,Masculino,Solteiro,Pública,685,5.7,Sim,Sim,Período integral,9,Sim,36.0,Não,Sim,Concluiu
21,Feminino,Solteiro,Privada,652,4.6,Sim,Sim,Não trabalha,16,Sim,6.4,Não,Sim,Concluiu
21,Feminino,Solteiro,Pública,575,6.1,Sim,Sim,Não trabalha,25,Sim,6.2,Não,Sim,Concluiu
26,Feminino,Solteiro,Privada,607,1.0,Sim,Sim,Não trabalha,15,Não,9.8,Não,Sim,Concluiu
31,Feminino,Casado,Pública,429,0.5,Não,Sim,Não trabalha,13,Não,27.3,Sim,Não,Evadiu
24,Masculino,Solteiro,Pública,565,2.1,Não,Não,Não trabalha,14,Sim,1.0,Sim,Sim,Concluiu
27,Masculino,Solteiro,Pública,482,3.7,Não,Sim,Não trabalha,20,Sim,16.9,Não,Não,Concluiu
22,Masculino,Solteiro,Privada,551,9.0,Não,Sim,Não trabalha,19,Sim,10.1,Não,Sim,Concluiu
20,Masculino,Solteiro,Pública,781,8.9,Não,Sim,Não trabalha,11,Sim,18.2,Não,Sim,Concluiu
24,Feminino,Solteiro,Pública,781,10.0,Não,Não,Não trabalha,22,Sim,14.6,Não,Sim,Concluiu
23,Feminino,Solteiro,Pública,718,4.2,Sim,Não,Meio período,10,Sim,16.4,Não,Sim,Concluiu
26,Feminino,Outro,Pública,506,0.5,Não,Não,Período integral,4,Não,30.1,Sim,Sim,Evadiu
24,Feminino,Casado,Pública,661,3.4,Não,Sim,Não trabalha,20,Sim,8.4,Não,Sim,Concluiu
23,Masculino,Casado,Pública,532,4.5,Sim,Não,Meio período,12,Sim,12.7,Não,Não,Concluiu
20,Outro,Solteiro,Pública,697,4.9,Não,Sim,Meio período,17,Sim,5.2,Não,Sim,Concluiu
21,Feminino,Solteiro,Privada,746,1.3,Sim,Sim,Meio período,7,Não,1.9,Sim,Sim,Concluiu
22,Masculino,Solteiro,Privada,740,5.4,Não,Não,Meio período,11,Sim,5.6,Não,Sim,Concluiu
24,Masculino,Solteiro,Privada,708,5.5,Sim,Não,Meio período,19,Sim,18.7,Não,Sim,Concluiu
26,Feminino,Solteiro,Pública,581,1.3,Sim,Não,Meio período,13,Sim,4.5,Sim,Sim,Concluiu
24,Feminino,Solteiro,Pública,696,7.6,Não,Não,Meio período,6,Sim,11.0,Não,Sim,Concluiu
20,Masculino,Solteiro,Pública,468,0.8,Não,Sim,Período integral,6,Não,26.9,Não,Não,Evadiu
19,Masculino,Solteiro,Pública,539,1.2,Sim,Sim,Meio período,14,Não,15.1,Sim,Sim,Concluiu
23,Masculino,Solteiro,Privada,611,1.8,Sim,Sim,Meio período,7,Sim,23.0,Sim,Sim,Concluiu
23,Masculino,Solteiro,Pública,400,3.4,Sim,Não,Meio período,15,Sim,62.2,Não,Não,Evadiu
20,Feminino,Solteiro,Privada,504,0.7,Sim,Sim,Período integral,4,Não,26.5,Não,Não,Evadiu
22,Masculino,Casado,Pública,553,5.3,Não,Sim,Período integral,9,Sim,59.9,Não,Não,Evadiu
26,Masculino,Solteiro,Privada,477,10.0,Não,Sim,Não trabalha,20,Sim,11.7,Sim,Sim,Concluiu
24,Feminino,Casado,Pública,529,1.3,Sim,Sim,Meio período,14,Não,7.8,Sim,Sim,Concluiu
27,Masculino,Casado,Pública,610,7.4,Não,Sim,Não trabalha,20,Sim,7.3,Não,Sim,Concluiu
26,Feminino,Outro,Pública,586,9.5,Não,Não,Período integral,8,Sim,23.9,Sim,Não,Concluiu
26,Masculino,Casado,Privada,699,6.3,Não,Sim,Não trabalha,12,Sim,2.1,Não,Não,Concluiu
24,Masculino,Solteiro,Privada,691,1.5,Sim,Sim,Não trabalha,14,Não,12.9,Sim,Sim,Concluiu
21,Masculino,Solteiro,Privada,475,2.0,Não,Não,Não trabalha,25,Sim,21.7,Não,Sim,Concluiu
25,Outro,Solteiro,Pública,665,4.9,Não,Não,Meio período,14,Sim,11.8,Não,Não,Concluiu
22,Masculino,Outro,Pública,602,6.2,Não,Sim,Não trabalha,9,Sim,3.3,Não,Sim,Concluiu
18,Feminino,Solteiro,Privada,787,1.0,Sim,Sim,Não trabalha,20,Sim,1.3,Não,Sim,Concluiu
23,Feminino,Outro,Pública,684,4.0,Sim,Sim,Meio período,15,Sim,2.5,Não,Não,Concluiu
18,Masculino,Solteiro,Pública,612,2.6,Não,Sim,Não trabalha,18,Sim,23.4,Não,Sim,Concluiu
21,Feminino,Solteiro,Privada,433,0.8,Não,Sim,Não trabalha,19,Não,15.7,Não,Não,Evadiu
18,Masculino,Solteiro,Privada,591,1.5,Não,Não,Meio período,14,Não,7.2,Sim,Sim,Concluiu
21,Outro,Solteiro,Pública,526,0.6,Sim,Sim,Período integral,5,Sim,25.8,Não,Não,Evadiu
20,Masculino,Casado,Privada,632,4.5,Não,Sim,Meio período,9,Sim,12.2,Sim,Sim,Concluiu
20,Masculino,Casado,Privada,713,2.8,Sim,Sim,Meio período,10,Sim,23.1,Não,Sim,Concluiu
27,Feminino,Solteiro,Privada,727,2.8,Sim,Sim,Período integral,2,Sim,13.6,Sim,Sim,Concluiu
24,Feminino,Solteiro,Pública,659,1.6,Sim,Sim,Período integral,3,Sim,7.0,Sim,Sim,Concluiu
26,Masculino,Solteiro,Privada,794,4.2,Não,Sim,Período integral,9,Sim,6.2,Não,Sim,Concluiu
20,Feminino,Solteiro,Pública,528,2.5,Não,Sim,Período integral,8,Sim,41.1,Não,Não,Evadiu
24,Feminino,Casado,Pública,522,1.1,Não,Sim,Período integral,6,Não,15.9,Não,Não,Evadiu
26,Masculino,Solteiro,Privada,559,6.5,Não,Sim,Meio período,13,Sim,6.3,Não,Não,Concluiu
21,Masculino,Solteiro,Privada,645,5.2,Não,Não,Meio período,19,Sim,8.6,Não,Sim,Concluiu
23,Masculino,Solteiro,Pública,616,5.1,Não,Sim,Meio período,8,Sim,6.8,Não,Sim,Concluiu
28,Masculino,Solteiro,Pública,585,0.8,Sim,Não,Não trabalha,18,Sim,38.0,Sim,Não,Evadiu
30,Feminino,Solteiro,Pública,426,0.5,Sim,Sim,Meio período,8,Não,44.7,Não,Não,Evadiu
23,Feminino,Solteiro,Pública,627,0.7,Não,Sim,Período integral,6,Não,29.1,Não,Sim,Evadiu
27,Masculino,Solteiro,Pública,600,7.6,Não,Sim,Meio período,9,Sim,19.0,Sim,Sim,Concluiu
23,Outro,Solteiro,Pública,615,1.2,Não,Sim,Não trabalha,26,Não,13.3,Sim,Não,Concluiu
32,Feminino,Casado,Pública,531,2.2,Não,Sim,Meio período,12,Sim,18.2,Sim,Não,Evadiu
26,Masculino,Solteiro,Pública,590,0.5,Não,Sim,Meio período,19,Não,59.5,Sim,Não,Evadiu
23,Masculino,Solteiro,Pública,679,4.6,Sim,Sim,Não trabalha,18,Sim,1.4,Não,Sim,Concluiu
19,Feminino,Outro,Pública,657,5.4,Sim,Sim,Período integral,5,Sim,15.3,Não,Sim,Concluiu
25,Feminino,Casado,Privada,693,1.0,Sim,Sim,Meio período,9,Sim,5.5,Sim,Não,Concluiu
22,Masculino,Solteiro,Pública,543,1.2,Não,Sim,Não trabalha,12,Sim,20.9,Sim,Não,Concluiu
19,Feminino,Solteiro,Privada,531,3.5,Não,Sim,Não trabalha,24,Sim,1.9,Não,Sim,Concluiu
20,Masculino,Solteiro,Pública,625,1.3,Sim,Sim,Período integral,2,Sim,46.9,Não,Sim,Evadiu
26,Feminino,Casado,Pública,642,2.1,Não,Não,Período integral,11,Sim,3.0,Sim,Sim,Concluiu
22,Masculino,Solteiro,Pública,600,9.1,Não,Sim,Não trabalha,12,Sim,19.1,Não,Sim,Concluiu
34,Masculino,Solteiro,Privada,545,2.4,Não,Sim,Meio período,7,Sim,11.1,Não,Não,Evadiu
20,Feminino,Solteiro,Pública,579,2.5,Sim,Sim,Não trabalha,12,Sim,23.1,Não,Sim,Concluiu
24,Feminino,Solteiro,Privada,604,3.0,Sim,Sim,Meio período,15,Sim,13.9,Não,Sim,Concluiu
18,Masculino,Solteiro,Pública,564,6.7,Não,Sim,Meio período,6,Sim,4.1,Não,Sim,Concluiu
33,Masculino,Solteiro,Pública,400,2.1,Não,Sim,Período integral,4,Sim,64.0,Sim,Não,Evadiu
24,Feminino,Solteiro,Pública,633,4.7,Sim,Sim,Não trabalha,28,Sim,11.8,Não,Sim,Concluiu
24,Feminino,Solteiro,Privada,648,2.5,Sim,Sim,Não trabalha,11,Sim,4.8,Não,Sim,Concluiu
25,Masculino,Solteiro,Pública,604,7.1,Sim,Sim,Não trabalha,25,Sim,3.4,Não,Sim,Concluiu
33,Masculino,Solteiro,Pública,448,0.5,Sim,Sim,Não trabalha,10,Não,26.5,Não,Sim,Evadiu
22,Masculino,Solteiro,Privada,757,5.7,Não,Sim,Meio período,16,Sim,10.7,Não,Não,Concluiu
24,Feminino,Casado,Pública,710,1.8,Não,Não,Não trabalha,10,Sim,2.3,Não,Não,Concluiu
26,Masculino,Solteiro,Pública,555,4.8,Não,Sim,Não trabalha,18,Sim,7.4,Não,Sim,Concluiu
25,Feminino,Solteiro,Privada,759,2.9,Não,Não,Não trabalha,19,Sim,24.0,Não,Sim,Concluiu
20,Feminino,Solteiro,Pública,613,2.1,Não,Sim,Meio período,13,Não,7.4,Não,Sim,Concluiu
20,Masculino,Solteiro,Privada,649,6.6,Não,Sim,Meio período,15,Sim,11.1,Sim,Sim,Concluiu
21,Feminino,Solteiro,Pública,587,2.4,Sim,Sim,Não trabalha,9,Não,2.7,Sim,Sim,Concluiu
30,Masculino,Casado,Privada,509,0.5,Não,Não,Período integral,6,Não,56.1,Não,Não,Evadiu
19,Feminino,Solteiro,Pública,648,5.6,Não,Não,Não trabalha,16,Sim,1.1,Sim,Não,Concluiu
25,Masculino,Casado,Pública,701,1.3,Não,Sim,Não trabalha,17,Não,9.6,Sim,Sim,Concluiu
22,Masculino,Solteiro,Pública,523,6.2,Não,Não,Não trabalha,13,Sim,8.0,Sim,Sim,Concluiu
30,Feminino,Solteiro,Pública,691,0.7,Não,Sim,Período integral,7,Não,19.2,Não,Sim,Evadiu
25,Masculino,Solteiro,Privada,667,6.6,Não,Sim,Período integral,4,Sim,5.2,Não,Não,Concluiu
21,Feminino,Solteiro,Pública,728,2.0,Sim,Não,Não trabalha,25,Não,8.9,Não,Não,Concluiu
22,Masculino,Casado,Pública,619,1.5,Não,Sim,Meio período,14,Não,9.7,Sim,Sim,Concluiu
25,Masculino,Solteiro,Pública,602,1.4,Sim,Sim,Período integral,9,Não,7.6,Sim,Sim,Concluiu
18,Feminino,Solteiro,Pública,708,5.1,Sim,Sim,Meio período,9,Sim,13.2,Sim,Não,Concluiu
24,Feminino,Solteiro,Pública,537,1.8,Sim,Sim,Não trabalha,9,Não,9.5,Sim,Não,Concluiu
24,Feminino,Solteiro,Pública,528,0.7,Não,Não,Não trabalha,8,Sim,37.3,Sim,Não,Evadiu
23,Feminino,Solteiro,Privada,600,3.5,Não,Sim,Não trabalha,23,Não,18.7,Não,Sim,Concluiu
25,Feminino,Solteiro,Pública,558,1.2,Sim,Sim,Período integral,8,Não,44.4,Não,Não,Evadiu
25,Feminino,Solteiro,Pública,565,3.5,Não,Sim,Período integral,0,Sim,11.5,Não,Sim,Concluiu
21,Feminino,Casado,Privada,677,2.8,Não,Sim,Não trabalha,13,Não,18.4,Não,Sim,Concluiu
21,Feminino,Solteiro,Pública,593,1.0,Sim,Sim,Meio período,8,Não,26.9,Sim,Sim,Concluiu
18,Masculino,Solteiro,Privada,474,1.7,Sim,Sim,Meio período,17,Não,11.8,Não,Não,Concluiu
25,Masculino,Solteiro,Pública,507,1.0,Sim,Sim,Meio período,12,Sim,2.5,Não,Não,Concluiu
25,Masculino,Solteiro,Pública,745,4.7,Não,Sim,Não trabalha,19,Sim,7.0,Não,Não,Concluiu
24,Masculino,Solteiro,Pública,570,3.6,Não,Sim,Período integral,5,Sim,63.0,Não,Sim,Evadiu
29,Feminino,Solteiro,Pública,543,1.7,Sim,Não,Não trabalha,19,Sim,34.5,Sim,Não,Evadiu
18,Masculino,Solteiro,Pública,794,3.1,Sim,Não,Não trabalha,17,Sim,8.7,Não,Não,Concluiu
25,Feminino,Casado,Pública,725,4.5,Não,Sim,Meio período,13,Sim,14.9,Não,Sim,Concluiu
27,Masculino,Casado,Pública,753,3.0,Sim,Não,Meio período,18,Sim,16.7,Não,Sim,Concluiu
26,Masculino,Casado,Privada,676,4.4,Não,Sim,Não trabalha,22,Sim,15.1,Não,Não,Concluiu
22,Masculino,Solteiro,Pública,578,2.6,Sim,Sim,Meio período,13,Não,18.5,Não,Não,Concluiu
33,Masculino,Solteiro,Pública,687,1.3,Não,Não,Período integral,8,Não,35.1,Não,Não,Evadiu
27,Masculino,Solteiro,Pública,500,0.5,Sim,Sim,Não trabalha,30,Não,88.6,Sim,Sim,Evadiu
21,Outro,Solteiro,Pública,400,0.7,Sim,Sim,Não trabalha,20,Não,26.5,Não,Sim,Evadiu
19,Feminino,Solteiro,Pública,715,3.9,Sim,Sim,Meio período,12,Sim,8.7,Não,Não,Concluiu
26,Masculino,Solteiro,Pública,680,3.4,Não,Sim,Período integral,4,Sim,5.7,Não,Não,Concluiu
21,Feminino,Solteiro,Pública,636,3.9,Não,Sim,Meio período,13,Sim,8.0,Não,Não,Concluiu
27,Feminino,Solteiro,Pública,746,4.1,Sim,Sim,Não trabalha,13,Sim,7.1,Não,Sim,Concluiu
23,Masculino,Solteiro,Pública,572,4.1,Não,Não,Meio período,9,Sim,8.9,Sim,Sim,Concluiu
22,Masculino,Casado,Privada,409,1.3,Não,Sim,Período integral,3,Não,14.4,Não,Não,Evadiu
26,Masculino,Solteiro,Privada,557,2.0,Sim,Sim,Período integral,4,Sim,15.5,Sim,Não,Concluiu
26,Masculino,Solteiro,Pública,751,3.0,Não,Sim,Não trabalha,11,Sim,6.7,Não,Não,Concluiu
20,Feminino,Casado,Privada,489,0.8,Não,Sim,Período integral,3,Não,28.0,Não,Não,Evadiu
25,Masculino,Casado,Pública,596,2.6,Não,Sim,Meio período,12,Sim,18.0,Não,Sim,Concluiu
21,Outro,Casado,Pública,727,5.3,Não,Sim,Meio período,12,Sim,2.2,Não,Não,Concluiu
27,Masculino,Solteiro,Pública,559,0.5,Não,Sim,Meio período,20,Não,65.7,Não,Sim,Evadiu
24,Masculino,Casado,Pública,622,8.1,Sim,Sim,Não trabalha,25,Sim,1.6,Não,Sim,Concluiu
20,Feminino,Solteiro,Pública,672,5.4,Sim,Sim,Meio período,11,Sim,5.7,Não,Sim,Concluiu
23,Masculino,Solteiro,Pública,704,1.9,Sim,Sim,Meio período,16,Sim,5.4,Não,Sim,Concluiu
21,Masculino,Solteiro,Privada,689,2.5,Sim,Não,Meio período,13,Não,9.2,Não,Sim,Concluiu
25,Masculino,Solteiro,Privada,751,2.0,Não,Sim,Não trabalha,16,Sim,5.7,Sim,Sim,Concluiu
24,Masculino,Solteiro,Pública,641,6.4,Sim,Sim,Período integral,7,Sim,32.8,Não,Sim,Concluiu
26,Feminino,Solteiro,Privada,532,0.5,Não,Sim,Período integral,13,Não,34.0,Não,Não,Evadiu
32,Masculino,Solteiro,Pública,507,0.5,Sim,Sim,Período integral,5,Sim,29.6,Sim,Não,Evadiu
27,Masculino,Casado,Pública,566,1.2,Sim,Sim,Período integral,9,Não,67.3,Sim,Sim,Evadiu
22,Masculino,Casado,Pública,605,5.2,Não,Sim,Meio período,11,Sim,25.1,Não,Sim,Concluiu
23,Feminino,Casado,Pública,762,3.0,Sim,Sim,Não trabalha,14,Sim,12.7,Não,Sim,Concluiu
24,Masculino,Solteiro,Privada,825,4.5,Sim,Sim,Não trabalha,21,Sim,13.1,Não,Sim,Concluiu
19,Masculino,Solteiro,Pública,589,1.4,Sim,Sim,Não trabalha,26,Não,15.4,Sim,Sim,Concluiu
27,Feminino,Solteiro,Privada,576,4.9,Não,Não,Não trabalha,18,Sim,11.6,Sim,Não,Concluiu
22,Feminino,Solteiro,Pública,610,7.6,Não,Sim,Não trabalha,12,Sim,9.9,Não,Sim,Concluiu
34,Feminino,Solteiro,Privada,684,0.5,Não,Sim,Período integral,7,Sim,28.1,Sim,Não,Evadiu
22,Feminino,Casado,Pública,575,2.4,Sim,Sim,Não trabalha,17,Sim,22.8,Não,Sim,Concluiu
28,Masculino,Casado,Pública,574,0.5,Não,Sim,Período integral,1,Não,22.6,Sim,Não,Evadiu
23,Masculino,Casado,Pública,599,0.8,Não,Não,Período integral,6,Não,17.2,Sim,Sim,Evadiu
19,Feminino,Solteiro,Privada,735,10.0,Não,Sim,Não trabalha,15,Sim,6.0,Não,Sim,Concluiu
26,Feminino,Solteiro,Pública,632,2.4,Sim,Sim,Período integral,6,Sim,11.3,Sim,Não,Concluiu
24,Feminino,Solteiro,Privada,668,4.5,Não,Sim,Não trabalha,17,Sim,3.3,Não,Não,Concluiu
24,Masculino,Solteiro,Pública,633,7.9,Sim,Sim,Não trabalha,13,Sim,6.2,Não,Sim,Concluiu
30,Masculino,Solteiro,Pública,602,0.5,Não,Sim,Meio período,14,Sim,83.3,Sim,Sim,Evadiu
19,Masculino,Solteiro,Pública,835,1.0,Sim,Sim,Não trabalha,16,Sim,17.5,Não,Sim,Concluiu
22,Feminino,Solteiro,Privada,586,5.6,Não,Sim,Meio período,11,Sim,1.0,Não,Sim,Concluiu
24,Outro,Solteiro,Pública,806,4.7,Não,Sim,Não trabalha,10,Sim,2.7,Não,Sim,Concluiu
27,Masculino,Solteiro,Pública,732,2.6,Sim,Sim,Não trabalha,12,Não,18.5,Não,Sim,Concluiu
19,Masculino,Solteiro,Pública,524,2.6,Não,Não,Não trabalha,25,Sim,2.0,Não,Sim,Concluiu
28,Feminino,Solteiro,Privada,432,2.1,Não,Sim,Período integral,11,Sim,30.5,Sim,Sim,Evadiu
27,Masculino,Solteiro,Pública,612,7.1,Não,Não,Não trabalha,6,Sim,3.2,Não,Sim,Concluiu
25,Masculino,Solteiro,Privada,648,2.6,Sim,Sim,Não trabalha,13,Sim,11.1,Não,Sim,Concluiu
18,Feminino,Solteiro,Pública,615,10.0,Sim,Não,Não trabalha,24,Sim,4.2,Sim,Não,Concluiu
26,Masculino,Solteiro,Pública,626,6.8,Sim,Sim,Não trabalha,22,Sim,3.7,Não,Sim,Concluiu
23,Feminino,Solteiro,Privada,688,8.2,Não,Não,Período integral,6,Não,6.7,Não,Não,Concluiu
19,Masculino,Solteiro,Pública,731,2.1,Não,Sim,Período integral,4,Sim,9.5,Sim,Sim,Concluiu
24,Feminino,Casado,Pública,517,1.3,Sim,Sim,Período integral,6,Não,48.0,Não,Não,Evadiu
25,Masculino,Solteiro,Pública,513,1.8,Não,Sim,Período integral,4,Sim,53.1,Sim,Não,Evadiu
24,Feminino,Solteiro,Pública,537,0.6,Não,Sim,Meio período,6,Não,47.1,Sim,Não,Evadiu
21,Masculino,Solteiro,Privada,698,4.2,Não,Não,Meio período,17,Sim,29.3,Sim,Não,Concluiu
22,Feminino,Casado,Pública,529,0.8,Sim,Sim,Período integral,6,Não,59.0,Não,Sim,Evadiu
18,Masculino,Solteiro,Privada,463,2.4,Não,Sim,Meio período,12,Sim,28.1,Sim,Sim,Concluiu
32,Feminino,Solteiro,Pública,429,1.0,Não,Não,Período integral,6,Sim,24.5,Sim,Não,Evadiu
20,Masculino,Solteiro,Privada,579,5.4,Não,Não,Meio período,16,Sim,13.9,Não,Sim,Concluiu
32,Masculino,Casado,Pública,628,0.5,Sim,Sim,Período integral,8,Sim,12.2,Não,Sim,Evadiu
18,Feminino,Solteiro,Pública,829,3.1,Sim,Sim,Não trabalha,18,Sim,17.8,Não,Sim,Concluiu
32,Feminino,Outro,Privada,400,0.5,Sim,Sim,Não trabalha,16,Não,28.8,Não,Não,Evadiu
24,Feminino,Casado,Privada,763,3.1,Não,Sim,Meio período,10,Sim,3.3,Sim,Sim,Concluiu
26,Feminino,Solteiro,Pública,691,5.4,Não,Sim,Meio período,14,Sim,18.0,Não,Sim,Concluiu
20,Feminino,Solteiro,Pública,674,4.6,Não,Sim,Meio período,14,Sim,24.2,Não,Sim,Concluiu
27,Feminino,Solteiro,Pública,624,3.0,Sim,Não,Não trabalha,13,Sim,4.5,Não,Sim,Concluiu
24,Masculino,Solteiro,Pública,400,3.3,Não,Sim,Período integral,11,Sim,22.2,Não,Sim,Evadiu
21,Feminino,Solteiro,Pública,564,1.4,Não,Sim,Não trabalha,18,Sim,62.9,Não,Não,Evadiu
20,Masculino,Solteiro,Pública,646,10.0,Sim,Sim,Meio período,19,Sim,8.3,Sim,Sim,Concluiu
29,Feminino,Solteiro,Pública,632,2.6,Sim,Sim,Período integral,6,Não,24.6,Não,Não,Evadiu
19,Feminino,Solteiro,Pública,695,8.5,Não,Sim,Não trabalha,27,Sim,10.5,Não,Sim,Concluiu
21,Outro,Solteiro,Privada,585,6.4,Não,Não,Não trabalha,13,Sim,19.9,Não,Não,Concluiu
34,Masculino,Solteiro,Pública,505,0.5,Sim,Sim,Meio período,14,Sim,43.0,Não,Não,Evadiu
29,Feminino,Solteiro,Pública,585,0.8,Não,Não,Não trabalha,18,Não,61.9,Não,Sim,Evadiu
23,Masculino,Solteiro,Pública,657,5.1,Sim,Sim,Não trabalha,28,Sim,1.1,Sim,Sim,Concluiu
27,Feminino,Casado,Privada,535,3.1,Não,Sim,Meio período,14,Sim,2.0,Não,Não,Concluiu
22,Masculino,Solteiro,Privada,619,0.6,Não,Não,Meio período,20,Não,57.8,Não,Sim,Evadiu
22,Feminino,Solteiro,Pública,514,2.1,Não,Sim,Não trabalha,21,Sim,2.6,Sim,Não,Concluiu
24,Outro,Solteiro,Pública,523,0.5,Sim,Sim,Meio período,13,Não,37.2,Não,Não,Evadiu
27,Masculino,Solteiro,Pública,630,9.2,Sim,Sim,Período integral,8,Sim,5.3,Não,Sim,Concluiu
18,Feminino,Casado,Pública,563,4.5,Sim,Sim,Não trabalha,26,Sim,5.8,Não,Sim,Concluiu
18,Masculino,Solteiro,Privada,608,2.7,Sim,Sim,Não trabalha,26,Sim,6.8,Não,Não,Concluiu
27,Outro,Solteiro,Pública,480,1.9,Sim,Sim,Período integral,10,Sim,20.6,Sim,Não,Evadiu
18,Feminino,Casado,Privada,627,8.5,Não,Não,Meio período,18,Sim,3.4,Sim,Sim,Concluiu
21,Masculino,Solteiro,Pública,799,10.0,Não,Sim,Período integral,8,Sim,19.2,Sim,Sim,Concluiu
21,Masculino,Solteiro,Privada,712,2.0,Não,Não,Período integral,10,Não,47.4,Não,Sim,Evadiu
27,Feminino,Casado,Pública,543,2.5,Não,Sim,Período integral,6,Sim,43.1,Não,Não,Evadiu
24,Feminino,Outro,Pública,620,0.5,Não,Sim,Meio período,16,Não,44.2,Sim,Sim,Evadiu
21,Masculino,Solteiro,Privada,628,0.6,Sim,Sim,Período integral,3,Não,30.1,Sim,Sim,Evadiu
27,Masculino,Solteiro,Privada,750,4.3,Não,Sim,Não trabalha,17,Sim,21.4,Não,Sim,Concluiu
32,Feminino,Solteiro,Pública,400,1.7,Não,Sim,Período integral,2,Sim,71.0,Não,Sim,Evadiu
32,Masculino,Solteiro,Pública,680,0.5,Não,Sim,Período integral,1,Não,24.2,Não,Sim,Evadiu
26,Feminino,Casado,Pública,575,3.1,Não,Não,Meio período,14,Sim,15.7,Sim,Sim,Concluiu
25,Masculino,Solteiro,Pública,556,1.2,Sim,Sim,Período integral,5,Não,35.0,Não,Não,Evadiu
28,Feminino,Solteiro,Pública,529,0.8,Não,Sim,Período integral,3,Não,55.9,Sim,Sim,Evadiu
26,Feminino,Solteiro,Pública,718,9.2,Sim,Sim,Período integral,6,Sim,14.2,Não,Não,Concluiu
21,Masculino,Solteiro,Privada,444,0.5,Não,Sim,Período integral,11,Não,18.5,Não,Não,Evadiu
24,Feminino,Solteiro,Pública,680,7.5,Sim,Sim,Período integral,7,Sim,9.3,Sim,Sim,Concluiu
24,Feminino,Casado,Privada,671,1.6,Não,Sim,Período integral,7,Sim,19.5,Não,Sim,Evadiu
19,Masculino,Solteiro,Privada,560,2.5,Sim,Sim,Não trabalha,20,Sim,3.1,Não,Sim,Concluiu
28,Feminino,Solteiro,Pública,678,0.6,Não,Sim,Meio período,8,Não,52.7,Sim,Sim,Evadiu
31,Feminino,Solteiro,Pública,633,2.3,Não,Sim,Período integral,11,Sim,47.2,Não,Não,Evadiu
30,Masculino,Casado,Pública,528,0.5,Não,Não,Período integral,7,Não,65.7,Sim,Não,Evadiu
23,Feminino,Solteiro,Pública,607,4.8,Sim,Não,Não trabalha,16,Sim,3.6,Não,Sim,Concluiu
24,Masculino,Outro,Pública,581,5.1,Não,Sim,Período integral,4,Sim,2.8,Não,Não,Concluiu
22,Feminino,Casado,Pública,624,3.1,Não,Não,Período integral,5,Sim,18.7,Não,Sim,Concluiu
21,Feminino,Solteiro,Privada,615,8.2,Não,Sim,Não trabalha,16,Não,2.9,Sim,Sim,Concluiu
25,Masculino,Solteiro,Pública,661,3.8,Sim,Sim,Período integral,8,Sim,5.1,Não,Sim,Concluiu
21,Feminino,Solteiro,Pública,609,6.1,Não,Não,Meio período,19,Sim,2.8,Não,Sim,Concluiu
34,Feminino,Solteiro,Pública,554,1.0,Sim,Sim,Meio período,10,Sim,41.7,Não,Sim,Evadiu
26,Feminino,Outro,Privada,540,7.7,Sim,Não,Não trabalha,21,Sim,24.4,Não,Sim,Concluiu
24,Feminino,Outro,Privada,448,0.5,Sim,Sim,Período integral,11,Não,53.6,Sim,Sim,Evadiu
18,Masculino,Solteiro,Privada,669,1.7,Sim,Não,Não trabalha,12,Sim,6.2,Sim,Não,Concluiu
25,Masculino,Solteiro,Pública,678,3.5,Sim,Não,Não trabalha,15,Sim,8.2,Sim,Sim,Concluiu
22,Masculino,Solteiro,Pública,631,3.2,Não,Não,Não trabalha,13,Sim,13.0,Sim,Sim,Concluiu
18,Masculino,Solteiro,Privada,719,5.3,Não,Sim,Não trabalha,20,Sim,16.2,Não,Sim,Concluiu
26,Masculino,Casado,Pública,662,2.6,Sim,Não,Meio período,16,Sim,41.2,Não,Sim,Concluiu
27,Masculino,Solteiro,Pública,461,0.5,Não,Sim,Não trabalha,16,Não,63.6,Não,Não,Evadiu
27,Feminino,Solteiro,Pública,620,4.5,Não,Sim,Não trabalha,22,Sim,3.4,Não,Sim,Concluiu
24,Feminino,Outro,Privada,642,3.4,Não,Não,Meio período,14,Sim,6.1,Não,Sim,Concluiu
31,Masculino,Casado,Pública,422,0.5,Não,Sim,Período integral,13,Não,62.1,Sim,Sim,Evadiu
31,Feminino,Solteiro,Pública,515,1.5,Sim,Não,Período integral,7,Não,72.4,Não,Não,Evadiu
27,Masculino,Casado,Pública,609,10.0,Não,Não,Não trabalha,19,Sim,3.2,Não,Sim,Concluiu
23,Feminino,Solteiro,Pública,451,0.5,Não,Não,Meio período,17,Sim,9.2,Não,Sim,Evadiu
19,Feminino,Solteiro,Privada,548,1.6,Sim,Sim,Não trabalha,12,Sim,2.9,Não,Sim,Concluiu
20,Masculino,Solteiro,Privada,744,7.5,Não,Sim,Não trabalha,12,Sim,2.1,Não,Sim,Concluiu
23,Masculino,Solteiro,Privada,622,6.1,Sim,Não,Meio período,9,Sim,1.7,Sim,Sim,Concluiu
23,Masculino,Solteiro,Pública,665,1.1,Não,Sim,Não trabalha,17,Não,8.8,Sim,Sim,Concluiu
24,Masculino,Casado,Pública,609,3.8,Não,Sim,Não trabalha,15,Sim,6.4,Não,Não,Concluiu
20,Feminino,Solteiro,Pública,529,0.6,Não,Sim,Não trabalha,13,Sim,61.3,Sim,Não,Evadiu
24,Masculino,Outro,Privada,614,5.1,Sim,Sim,Não trabalha,19,Sim,4.7,Não,Não,Concluiu
18,Masculino,Solteiro,Privada,684,4.3,Sim,Sim,Não trabalha,12,Sim,3.9,Não,Sim,Concluiu
32,Feminino,Solteiro,Pública,567,0.6,Sim,Sim,Não trabalha,28,Sim,57.3,Sim,Não,Evadiu
31,Masculino,Solteiro,Pública,425,1.4,Não,Sim,Meio período,14,Sim,76.4,Sim,Sim,Evadiu
20,Masculino,Solteiro,Pública,726,10.0,Não,Sim,Período integral,8,Sim,8.7,Não,Sim,Concluiu
19,Masculino,Solteiro,Pública,718,2.5,Sim,Não,Período integral,3,Sim,7.4,Não,Não,Concluiu
23,Feminino,Solteiro,Pública,679,7.3,Sim,Sim,Meio período,14,Sim,6.1,Não,Sim,Concluiu
21,Masculino,Solteiro,Privada,686,2.4,Não,Sim,Período integral,6,Não,3.8,Sim,Sim,Concluiu
27,Masculino,Solteiro,Pública,713,2.7,Não,Sim,Período integral,9,Sim,5.3,Não,Não,Concluiu
31,Outro,Solteiro,Pública,621,0.7,Não,Sim,Período integral,5,Não,19.9,Não,Não,Evadiu
26,Feminino,Solteiro,Pública,450,5.0,Não,Não,Não trabalha,12,Sim,14.7,Não,Sim,Concluiu
31,Masculino,Solteiro,Pública,639,0.5,Sim,Sim,Período integral,6,Sim,37.3,Sim,Não,Evadiu
23,Masculino,Solteiro,Pública,621,2.7,Não,Sim,Meio período,9,Não,13.0,Não,Não,Concluiu
25,Masculino,Solteiro,Pública,670,1.2,Sim,Sim,Período integral,10,Não,23.7,Não,Não,Evadiu
22,Masculino,Solteiro,Pública,794,2.3,Não,Sim,Meio período,10,Sim,43.8,Sim,Sim,Concluiu
23,Feminino,Casado,Pública,530,3.2,Sim,Não,Período integral,7,Sim,11.0,Não,Sim,Concluiu
19,Feminino,Solteiro,Privada,751,4.8,Não,Sim,Não trabalha,22,Sim,39.7,Não,Não,Concluiu
30,Feminino,Solteiro,Pública,562,2.4,Não,Sim,Período integral,5,Sim,15.5,Não,Não,Evadiu
27,Outro,Solteiro,Pública,556,0.5,Não,Sim,Período integral,5,Não,23.3,Não,Sim,Evadiu
21,Feminino,Casado,Privada,602,1.5,Não,Sim,Meio período,17,Não,31.5,Sim,Não,Evadiu
20,Feminino,Solteiro,Privada,450,9.4,Não,Sim,Não trabalha,16,Sim,19.1,Sim,Não,Concluiu
23,Feminino,Solteiro,Privada,788,1.4,Sim,Sim,Não trabalha,14,Não,4.7,Sim,Sim,Concluiu
26,Feminino,Solteiro,Pública,652,7.2,Não,Sim,Não trabalha,16,Não,13.3,Sim,Não,Concluiu
23,Feminino,Casado,Pública,559,4.1,Não,Sim,Não trabalha,23,Sim,3.5,Não,Sim,Concluiu
24,Feminino,Casado,Privada,656,6.1,Não,Não,Meio período,9,Sim,8.6,Não,Sim,Concluiu
20,Masculino,Solteiro,Pública,593,2.9,Não,Sim,Não trabalha,16,Sim,12.1,Não,Sim,Concluiu
22,Outro,Solteiro,Privada,576,2.3,Sim,Sim,Período integral,7,Sim,42.9,Não,Não,Evadiu
25,Masculino,Solteiro,Privada,732,2.7,Sim,Sim,Período integral,8,Sim,10.9,Não,Não,Concluiu
21,Masculino,Casado,Pública,752,4.1,Sim,Sim,Período integral,7,Sim,1.7,Não,Sim,Concluiu
23,Feminino,Solteiro,Privada,589,0.8,Não,Não,Período integral,0,Não,22.1,Sim,Não,Evadiu
18,Masculino,Solteiro,Pública,517,10.0,Não,Sim,Meio período,15,Sim,3.7,Não,Sim,Concluiu
24,Feminino,Solteiro,Pública,757,1.8,Sim,Sim,Período integral,3,Sim,3.2,Sim,Não,Concluiu
23,Masculino,Solteiro,Pública,596,3.7,Não,Sim,Período integral,0,Sim,31.1,Não,Não,Concluiu
27,Feminino,Solteiro,Pública,645,5.5,Não,Não,Meio período,15,Sim,12.7,Não,Sim,Concluiu
26,Masculino,Casado,Privada,578,2.3,Sim,Sim,Não trabalha,16,Sim,6.4,Não,Sim,Concluiu
26,Feminino,Solteiro,Privada,694,3.0,Sim,Não,Não trabalha,26,Sim,6.8,Sim,Sim,Concluiu
19,Feminino,Solteiro,Pública,694,4.9,Não,Não,Meio período,11,Sim,8.1,Não,Não,Concluiu
23,Masculino,Outro,Pública,711,5.7,Não,Sim,Não trabalha,13,Sim,6.9,Não,Sim,Concluiu
19,Feminino,Solteiro,Pública,614,1.9,Sim,Sim,Meio período,8,Sim,22.7,Sim,Sim,Concluiu
18,Masculino,Solteiro,Pública,702,8.2,Não,Não,Não trabalha,19,Sim,3.0,Não,Não,Concluiu
18,Feminino,Solteiro,Privada,540,6.9,Não,Sim,Meio período,6,Sim,7.5,Não,Sim,Concluiu
27,Masculino,Solteiro,Pública,561,1.8,Não,Sim,Não trabalha,16,Sim,35.2,Não,Sim,Evadiu
27,Feminino,Solteiro,Pública,405,0.5,Não,Sim,Período integral,3,Não,31.8,Não,Sim,Evadiu
28,Masculino,Casado,Pública,522,0.6,Não,Sim,Período integral,4,Não,47.7,Não,Não,Evadiu
26,Feminino,Solteiro,Pública,400,0.6,Sim,Sim,Período integral,3,Sim,51.3,Não,Não,Evadiu
27,Masculino,Solteiro,Pública,447,0.5,Não,Sim,Período integral,8,Não,33.3,Não,Não,Evadiu
18,Masculino,Solteiro,Pública,613,4.5,Não,Sim,Meio período,15,Sim,2.3,Não,Sim,Concluiu
24,Feminino,Solteiro,Pública,636,3.8,Sim,Sim,Meio período,18,Sim,21.4,Não,Sim,Concluiu
25,Feminino,Solteiro,Pública,737,4.5,Não,Não,Não trabalha,20,Sim,1.4,Sim,Sim,Concluiu
26,Feminino,Casado,Pública,501,1.1,Não,Sim,Não trabalha,8,Não,29.7,Sim,Não,Evadiu
21,Masculino,Solteiro,Pública,400,1.6,Não,Sim,Meio período,14,Sim,23.8,Sim,Não,Evadiu
20,Feminino,Solteiro,Pública,750,1.5,Não,Sim,Meio período,12,Não,42.0,Não,Sim,Evadiu
33,Feminino,Solteiro,Pública,519,1.4,Sim,Não,Meio período,15,Sim,18.2,Não,Não,Evadiu
25,Feminino,Solteiro,Pública,719,9.1,Não,Sim,Período integral,6,Sim,7.6,Não,Sim,Concluiu
27,Feminino,Solteiro,Pública,609,2.2,Não,Sim,Não trabalha,14,Não,3.9,Sim,Sim,Concluiu
29,Feminino,Solteiro,Pública,427,2.2,Não,Sim,Período integral,3,Não,31.0,Sim,Sim,Evadiu
20,Masculino,Solteiro,Pública,627,4.1,Não,Não,Período integral,5,Sim,26.6,Não,Sim,Evadiu
23,Feminino,Solteiro,Pública,400,1.8,Não,Sim,Não trabalha,22,Sim,42.7,Não,Não,Evadiu
25,Feminino,Solteiro,Pública,586,0.7,Não,Sim,Não trabalha,22,Não,46.0,Não,Não,Evadiu
24,Feminino,Solteiro,Pública,741,3.0,Não,Sim,Não trabalha,20,Sim,6.1,Não,Não,Concluiu
23,Masculino,Solteiro,Pública,467,0.8,Sim,Sim,Não trabalha,15,Não,19.7,Sim,Sim,Evadiu
22,Masculino,Solteiro,Pública,596,1.8,Não,Não,Não trabalha,26,Sim,33.4,Sim,Não,Evadiu
18,Feminino,Solteiro,Privada,670,4.2,Não,Sim,Não trabalha,13,Sim,8.9,Não,Sim,Concluiu
33,Masculino,Solteiro,Pública,483,2.1,Não,Sim,Não trabalha,26,Sim,18.9,Sim,Não,Evadiu
27,Feminino,Casado,Privada,594,6.3,Não,Não,Período integral,7,Sim,4.5,Não,Sim,Concluiu
18,Feminino,Solteiro,Pública,717,3.6,Sim,Sim,Não trabalha,19,Sim,3.3,Não,Sim,Concluiu
27,Masculino,Solteiro,Pública,462,1.7,Não,Sim,Meio período,8,Sim,68.1,Não,Não,Evadiu
25,Masculino,Solteiro,Privada,683,4.5,Não,Sim,Período integral,3,Sim,5.0,Não,Não,Concluiu
21,Feminino,Solteiro,Pública,762,5.6,Sim,Sim,Período integral,8,Sim,31.2,Sim,Não,Concluiu
23,Feminino,Solteiro,Privada,753,5.9,Não,Sim,Não trabalha,17,Sim,4.0,Não,Sim,Concluiu
23,Feminino,Casado,Privada,645,3.4,Não,Sim,Não trabalha,18,Não,4.9,Não,Não,Concluiu
18,Feminino,Solteiro,Pública,509,5.2,Não,Sim,Não trabalha,16,Sim,6.9,Não,Sim,Concluiu
34,Masculino,Solteiro,Pública,470,1.0,Sim,Sim,Período integral,5,Não,13.3,Sim,Sim,Evadiu
25,Masculino,Solteiro,Privada,612,5.9,Não,Não,Meio período,13,Sim,3.3,Não,Não,Concluiu
27,Masculino,Casado,Privada,583,5.0,Não,Não,Não trabalha,23,Sim,21.1,Sim,Não,Concluiu
22,Feminino,Outro,Privada,569,10.0,Não,Não,Não trabalha,5,Sim,13.9,Não,Sim,Concluiu
26,Masculino,Solteiro,Privada,455,0.9,Não,Não,Período integral,6,Não,24.1,Não,Não,Evadiu
23,Feminino,Outro,Pública,589,3.1,Sim,Não,Período integral,5,Sim,36.4,Não,Sim,Evadiu
26,Masculino,Solteiro,Privada,642,3.0,Não,Não,Meio período,13,Sim,17.5,Não,Sim,Concluiu
27,Masculino,Casado,Pública,400,0.5,Sim,Sim,Período integral,3,Não,42.9,Não,Não,Evadiu
23,Feminino,Solteiro,Privada,620,1.1,Não,Sim,Meio período,11,Não,33.9,Sim,Não,Concluiu
22,Masculino,Solteiro,Privada,605,3.6,Sim,Não,Não trabalha,14,Sim,22.7,Não,Sim,Concluiu
19,Feminino,Solteiro,Pública,587,5.9,Não,Sim,Período integral,5,Sim,16.2,Não,Sim,Concluiu
23,Feminino,Solteiro,Privada,599,1.9,Não,Não,Não trabalha,13,Sim,6.0,Não,Não,Concluiu
20,Masculino,Solteiro,Pública,572,0.6,Não,Sim,Período integral,5,Não,38.1,Sim,Sim,Evadiu
27,Feminino,Outro,Pública,530,0.7,Não,Sim,Período integral,9,Não,37.1,Sim,Sim,Evadiu
22,Feminino,Solteiro,Pública,727,4.8,Sim,Não,Período integral,3,Sim,16.8,Não,Sim,Concluiu
24,Feminino,Solteiro,Privada,832,6.6,Não,Sim,Não trabalha,19,Sim,5.0,Não,Sim,Concluiu
26,Feminino,Solteiro,Pública,601,0.5,Sim,Sim,Não trabalha,10,Não,53.7,Não,Sim,Evadiu
24,Masculino,Casado,Pública,842,6.3,Não,Sim,Meio período,14,Sim,3.5,Não,Não,Concluiu
19,Feminino,Solteiro,Privada,665,4.6,Não,Sim,Meio período,17,Sim,2.9,Não,Sim,Concluiu
23,Masculino,Solteiro,Privada,713,1.4,Sim,Sim,Meio período,13,Não,9.5,Sim,Sim,Concluiu
23,Feminino,Solteiro,Pública,595,7.8,Não,Sim,Meio período,5,Sim,3.1,Não,Sim,Concluiu
21,Feminino,Solteiro,Pública,511,4.6,Não,Sim,Meio período,14,Sim,8.6,Não,Não,Concluiu
24,Feminino,Casado,Privada,760,10.0,Não,Sim,Não trabalha,22,Sim,7.6,Não,Sim,Concluiu
21,Feminino,Solteiro,Pública,488,2.0,Não,Sim,Período integral,8,Sim,53.9,Não,Não,Evadiu
20,Masculino,Solteiro,Pública,453,1.5,Não,Não,Não trabalha,16,Não,19.1,Sim,Sim,Evadiu
22,Feminino,Solteiro,Privada,640,5.4,Sim,Sim,Meio período,18,Sim,6.1,Não,Não,Concluiu
19,Masculino,Solteiro,Pública,663,2.7,Sim,Não,Meio período,13,Sim,3.3,Não,Não,Concluiu
27,Masculino,Casado,Pública,675,6.0,Não,Não,Meio período,12,Sim,4.5,Não,Não,Concluiu
19,Feminino,Solteiro,Privada,540,3.3,Sim,Sim,Meio período,10,Não,12.8,Não,Sim,Concluiu
22,Masculino,Solteiro,Pública,631,1.6,Não,Sim,Período integral,7,Sim,38.8,Não,Sim,Evadiu
22,Feminino,Solteiro,Pública,517,1.3,Não,Sim,Período integral,6,Sim,47.2,Não,Não,Evadiu
31,Masculino,Casado,Pública,400,2.6,Não,Sim,Período integral,10,Não,29.4,Não,Sim,Evadiu
24,Masculino,Solteiro,Pública,617,10.0,Não,Não,Não trabalha,12,Sim,5.8,Não,Sim,Concluiu
26,Feminino,Solteiro,Pública,538,1.0,Não,Sim,Período integral,2,Não,45.4,Sim,Sim,Evadiu
22,Outro,Casado,Pública,457,1.3,Sim,Sim,Período integral,3,Não,32.6,Sim,Não,Evadiu
27,Feminino,Solteiro,Privada,688,3.8,Não,Sim,Não trabalha,20,Sim,2.3,Não,Sim,Concluiu
22,Masculino,Solteiro,Pública,476,1.0,Não,Sim,Período integral,2,Não,19.8,Sim,Não,Evadiu
23,Masculino,Solteiro,Pública,573,5.2,Não,Não,Período integral,8,Sim,15.1,Sim,Não,Concluiu
20,Feminino,Solteiro,Pública,490,0.5,Sim,Não,Período integral,2,Sim,20.6,Não,Sim,Evadiu
23,Masculino,Solteiro,Pública,595,4.5,Sim,Sim,Meio período,9,Sim,5.7,Não,Sim,Concluiu
31,Masculino,Solteiro,Pública,503,0.6,Não,Sim,Não trabalha,13,Sim,100.0,Não,Não,Evadiu
21,Masculino,Solteiro,Pública,655,4.3,Sim,Não,Não trabalha,22,Não,2.7,Sim,Sim,Concluiu
25,Masculino,Solteiro,Privada,608,6.2,Sim,Não,Não trabalha,12,Não,10.9,Sim,Sim,Concluiu
23,Feminino,Casado,Privada,808,2.6,Não,Não,Meio período,11,Sim,10.6,Não,Sim,Concluiu
23,Feminino,Solteiro,Privada,665,3.6,Não,Sim,Não trabalha,9,Sim,9.1,Não,Sim,Concluiu
20,Masculino,Solteiro,Pública,720,3.4,Não,Não,Meio período,8,Sim,13.4,Não,Não,Concluiu
22,Outro,Solteiro,Pública,546,5.9,Sim,Sim,Não trabalha,20,Sim,3.6,Não,Sim,Concluiu
22,Feminino,Casado,Privada,718,3.7,Sim,Sim,Período integral,5,Sim,15.2,Não,Não,Concluiu
19,Feminino,Solteiro,Pública,528,4.1,Sim,Sim,Período integral,1,Sim,28.8,Não,Sim,Concluiu
21,Feminino,Solteiro,Pública,559,4.6,Não,Sim,Não trabalha,22,Sim,13.3,Não,Não,Concluiu
32,Feminino,Solteiro,Pública,472,0.5,Não,Sim,Período integral,4,Não,21.7,Não,Não,Evadiu
31,Masculino,Solteiro,Pública,400,0.8,Sim,Sim,Não trabalha,17,Não,17.7,Não,Não,Evadiu
28,Masculino,Casado,Pública,429,1.5,Não,Sim,Período integral,8,Não,5.3,Sim,Sim,Evadiu
30,Masculino,Solteiro,Pública,703,2.7,Não,Não,Meio período,12,Sim,19.9,Não,Não,Evadiu
23,Masculino,Solteiro,Pública,557,2.9,Sim,Sim,Não trabalha,17,Sim,43.4,Não,Não,Evadiu
20,Masculino,Solteiro,Pública,568,10.0,Não,Sim,Meio período,15,Sim,1.8,Não,Sim,Concluiu
21,Masculino,Solteiro,Pública,788,2.7,Sim,Sim,Meio período,13,Sim,7.1,Não,Sim,Concluiu
24,Feminino,Solteiro,Privada,574,8.8,Não,Sim,Período integral,7,Não,3.6,Não,Não,Concluiu
26,Masculino,Solteiro,Pública,621,0.8,Sim,Sim,Meio período,9,Não,43.3,Sim,Não,Evadiu
25,Masculino,Casado,Pública,672,6.0,Não,Não,Não trabalha,13,Sim,21.5,Sim,Sim,Concluiu
27,Feminino,Solteiro,Pública,708,3.7,Não,Não,Não trabalha,25,Sim,1.9,Não,Não,Concluiu
23,Feminino,Solteiro,Privada,657,1.8,Sim,Sim,Período integral,7,Sim,5.0,Não,Sim,Concluiu
19,Feminino,Solteiro,Privada,836,3.8,Sim,Sim,Meio período,12,Sim,5.4,Não,Sim,Concluiu
31,Masculino,Solteiro,Privada,728,1.1,Não,Sim,Meio período,9,Não,82.8,Sim,Não,Evadiu
19,Feminino,Solteiro,Pública,774,6.5,Não,Não,Meio período,2,Sim,6.6,Não,Não,Concluiu
23,Masculino,Solteiro,Pública,687,4.6,Não,Sim,Período integral,7,Sim,4.9,Sim,Sim,Concluiu
23,Feminino,Solteiro,Privada,582,0.5,Não,Não,Meio período,20,Sim,44.8,Sim,Não,Evadiu
26,Masculino,Solteiro,Pública,585,1.8,Sim,Sim,Não trabalha,24,Não,4.2,Sim,Sim,Concluiu
24,Masculino,Casado,Pública,496,1.4,Não,Sim,Período integral,8,Não,11.8,Não,Sim,Evadiu
26,Feminino,Solteiro,Pública,520,0.5,Sim,Sim,Período integral,4,Não,48.4,Não,Sim,Evadiu
19,Masculino,Solteiro,Pública,699,4.4,Não,Sim,Meio período,3,Sim,8.7,Não,Sim,Concluiu
26,Masculino,Solteiro,Pública,781,1.0,Sim,Sim,Meio período,7,Não,13.7,Não,Não,Concluiu
26,Feminino,Solteiro,Pública,561,3.4,Sim,Sim,Meio período,9,Sim,56.5,Não,Não,Evadiu
21,Feminino,Solteiro,Pública,658,10.0,Sim,Sim,Período integral,6,Sim,12.3,Não,Sim,Concluiu
21,Masculino,Solteiro,Pública,580,3.2,Não,Sim,Período integral,10,Sim,26.8,Não,Não,Evadiu
23,Feminino,Solteiro,Pública,575,5.4,Sim,Sim,Meio período,14,Sim,4.0,Não,Sim,Concluiu
31,Feminino,Casado,Pública,400,1.0,Sim,Não,Período integral,6,Sim,26.8,Sim,Não,Evadiu
18,Masculino,Solteiro,Pública,594,3.0,Sim,Sim,Período integral,12,Não,37.6,Não,Sim,Concluiu
22,Feminino,Casado,Pública,569,3.8,Sim,Sim,Não trabalha,12,Sim,14.5,Não,Não,Evadiu
24,Masculino,Solteiro,Privada,763,2.5,Sim,Sim,Meio período,14,Sim,15.0,Sim,Sim,Concluiu
22,Feminino,Casado,Privada,587,1.5,Não,Sim,Não trabalha,12,Não,0.7,Não,Sim,Concluiu
30,Feminino,Casado,Pública,616,0.9,Não,Sim,Período integral,10,Não,95.1,Sim,Não,Evadiu
26,Masculino,Solteiro,Pública,500,1.7,Sim,Não,Período integral,1,Sim,77.2,Sim,Sim,Evadiu
23,Masculino,Solteiro,Privada,617,7.3,Não,Não,Período integral,15,Sim,7.4,Não,Sim,Concluiu
19,Feminino,Solteiro,Pública,692,3.7,Sim,Não,Período integral,10,Sim,12.9,Não,Sim,Concluiu
20,Masculino,Solteiro,Privada,661,4.3,Não,Sim,Meio período,11,Sim,4.1,Não,Sim,Concluiu
27,Masculino,Solteiro,Pública,715,1.3,Sim,Sim,Não trabalha,21,Sim,23.1,Não,Sim,Concluiu
23,Feminino,Solteiro,Privada,598,8.3,Sim,Sim,Não trabalha,20,Sim,6.8,Não,Sim,Concluiu
28,Masculino,Solteiro,Pública,571,1.2,Sim,Sim,Período integral,8,Não,33.4,Não,Sim,Evadiu
21,Feminino,Solteiro,Pública,517,1.1,Sim,Sim,Período integral,5,Não,99.5,Sim,Sim,Evadiu
22,Feminino,Solteiro,Pública,718,1.7,Não,Sim,Não trabalha,19,Sim,5.3,Sim,Sim,Concluiu
25,Feminino,Solteiro,Pública,768,3.2,Não,Sim,Meio período,17,Sim,25.5,Não,Sim,Concluiu
21,Masculino,Solteiro,Pública,768,2.2,Sim,Sim,Não trabalha,25,Sim,1.1,Não,Sim,Concluiu
23,Masculino,Solteiro,Pública,495,1.5,Sim,Sim,Período integral,8,Não,48.5,Não,Não,Evadiu
25,Feminino,Casado,Privada,607,4.9,Não,Sim,Meio período,11,Sim,9.7,Não,Sim,Concluiu
27,Feminino,Solteiro,Pública,674,2.0,Não,Não,Não trabalha,16,Sim,10.3,Sim,Sim,Concluiu
27,Masculino,Solteiro,Privada,544,0.5,Não,Sim,Período integral,9,Não,44.9,Não,Não,Evadiu
25,Feminino,Casado,Privada,899,4.8,Não,Não,Período integral,4,Sim,15.7,Sim,Sim,Concluiu
19,Feminino,Solteiro,Privada,755,2.8,Sim,Sim,Não trabalha,19,Não,15.2,Não,Sim,Concluiu
20,Masculino,Solteiro,Privada,710,2.3,Não,Não,Não trabalha,19,Sim,6.4,Sim,Não,Concluiu
21,Feminino,Solteiro,Pública,605,9.4,Não,Não,Período integral,8,Sim,4.9,Não,Sim,Concluiu
18,Masculino,Solteiro,Pública,685,1.1,Sim,Não,Meio período,6,Não,24.3,Não,Sim,Concluiu
24,Feminino,Solteiro,Pública,602,10.0,Não,Sim,Meio período,13,Sim,5.7,Não,Não,Concluiu
23,Masculino,Solteiro,Privada,658,6.3,Sim,Sim,Meio período,21,Sim,2.5,Sim,Não,Concluiu
22,Masculino,Solteiro,Pública,529,5.9,Não,Não,Não trabalha,20,Sim,14.8,Não,Sim,Concluiu
25,Feminino,Casado,Pública,719,4.7,Sim,Sim,Período integral,8,Sim,8.6,Não,Não,Concluiu
20,Masculino,Solteiro,Privada,753,3.3,Não,Sim,Não trabalha,26,Não,8.0,Não,Sim,Concluiu
22,Masculino,Solteiro,Privada,624,3.2,Não,Sim,Não trabalha,21,Sim,33.0,Não,Sim,Concluiu
20,Feminino,Solteiro,Pública,602,9.5,Não,Sim,Meio período,20,Sim,1.6,Não,Sim,Concluiu
23,Feminino,Solteiro,Pública,443,0.5,Não,Sim,Meio período,7,Não,94.0,Não,Não,Evadiu
23,Feminino,Solteiro,Pública,583,3.9,Não,Sim,Período integral,2,Sim,12.6,Não,Sim,Concluiu
25,Masculino,Solteiro,Pública,556,2.0,Não,Sim,Meio período,0,Sim,77.7,Sim,Sim,Evadiu
33,Feminino,Solteiro,Privada,684,1.2,Não,Sim,Período integral,4,Não,52.2,Sim,Não,Evadiu
22,Outro,Solteiro,Pública,564,5.9,Não,Sim,Não trabalha,30,Sim,4.7,Não,Não,Concluiu
26,Masculino,Casado,Pública,602,0.5,Sim,Não,Meio período,13,Não,37.6,Sim,Não,Evadiu
18,Masculino,Solteiro,Pública,653,3.7,Não,Não,Período integral,6,Não,14.1,Não,Sim,Concluiu
21,Feminino,Solteiro,Pública,698,3.6,Sim,Sim,Meio período,9,Sim,11.3,Não,Sim,Concluiu
25,Feminino,Solteiro,Pública,672,3.9,Não,Não,Período integral,4,Sim,14.2,Não,Sim,Concluiu
21,Masculino,Solteiro,Pública,517,5.6,Não,Sim,Não trabalha,31,Sim,6.2,Não,Sim,Concluiu
24,Feminino,Outro,Pública,703,3.8,Sim,Sim,Não trabalha,6,Sim,1.5,Não,Sim,Concluiu
18,Feminino,Solteiro,Privada,730,3.4,Não,Sim,Meio período,14,Sim,5.6,Não,Sim,Concluiu
33,Masculino,Solteiro,Privada,400,1.3,Não,Sim,Meio período,9,Não,19.1,Não,Não,Evadiu
27,Masculino,Casado,Privada,687,6.0,Não,Sim,Meio período,13,Sim,20.7,Não,Não,Concluiu
21,Feminino,Solteiro,Pública,400,4.2,Sim,Sim,Meio período,13,Sim,35.0,Não,Não,Evadiu
24,Feminino,Solteiro,Privada,763,4.3,Não,Não,Não trabalha,10,Sim,10.7,Não,Sim,Concluiu
34,Feminino,Casado,Privada,528,1.2,Sim,Sim,Período integral,6,Não,59.1,Não,Não,Evadiu
27,Masculino,Solteiro,Privada,692,4.3,Sim,Não,Meio período,14,Sim,13.8,Sim,Sim,Concluiu
25,Masculino,Solteiro,Pública,400,1.7,Sim,Sim,Não trabalha,22,Não,60.1,Não,Não,Evadiu
33,Feminino,Solteiro,Pública,552,1.0,Não,Sim,Período integral,5,Não,90.1,Sim,Sim,Evadiu
24,Masculino,Solteiro,Pública,612,0.5,Não,Sim,Não trabalha,19,Não,56.5,Não,Não,Evadiu
27,Masculino,Solteiro,Privada,530,3.8,Não,Não,Não trabalha,23,Sim,8.0,Não,Sim,Concluiu
23,Feminino,Solteiro,Pública,594,1.1,Não,Sim,Meio período,14,Sim,30.5,Não,Não,Evadiu
26,Feminino,Solteiro,Privada,700,4.5,Não,Sim,Meio período,9,Sim,17.0,Não,Sim,Concluiu
28,Feminino,Outro,Pública,508,1.2,Não,Sim,Não trabalha,19,Não,33.7,Não,Não,Evadiu
26,Feminino,Casado,Pública,644,10.0,Não,Sim,Não trabalha,22,Sim,13.6,Não,Sim,Concluiu
23,Feminino,Casado,Privada,568,3.8,Sim,Não,Meio período,12,Sim,3.2,Sim,Sim,Concluiu
30,Masculino,Solteiro,Privada,465,1.7,Não,Sim,Não trabalha,20,Sim,24.5,Não,Não,Evadiu
23,Masculino,Solteiro,Pública,419,0.5,Não,Não,Período integral,8,Não,27.1,Sim,Não,Evadiu
20,Feminino,Solteiro,Privada,574,1.1,Sim,Sim,Meio período,12,Não,17.1,Não,Não,Evadiu
19,Masculino,Solteiro,Pública,695,2.3,Não,Sim,Não trabalha,24,Sim,1.6,Sim,Sim,Concluiu
23,Masculino,Casado,Privada,728,4.9,Não,Sim,Meio período,10,Sim,23.9,Não,Não,Concluiu
27,Feminino,Solteiro,Pública,528,1.5,Sim,Sim,Não trabalha,14,Não,14.0,Sim,Sim,Concluiu
19,Masculino,Solteiro,Privada,719,3.2,Não,Sim,Período integral,7,Sim,6.3,Não,Sim,Concluiu
23,Feminino,Casado,Pública,519,1.9,Não,Não,Meio período,11,Não,36.0,Não,Sim,Evadiu
22,Feminino,Casado,Privada,762,5.0,Não,Não,Não trabalha,12,Sim,6.7,Não,Não,Concluiu
29,Feminino,Solteiro,Pública,502,1.1,Sim,Sim,Período integral,4,Não,58.5,Não,Não,Evadiu
19,Feminino,Solteiro,Privada,708,1.0,Sim,Sim,Não trabalha,23,Não,30.2,Não,Não,Concluiu
34,Masculino,Solteiro,Pública,497,0.5,Sim,Não,Meio período,13,Não,35.5,Sim,Não,Evadiu
28,Masculino,Solteiro,Privada,488,0.5,Não,Sim,Não trabalha,18,Não,42.3,Não,Não,Evadiu
24,Masculino,Solteiro,Privada,709,1.7,Sim,Não,Não trabalha,19,Não,4.5,Sim,Sim,Concluiu
22,Masculino,Outro,Privada,450,5.7,Sim,Sim,Meio período,12,Sim,15.7,Não,Sim,Concluiu
26,Masculino,Solteiro,Pública,604,5.5,Não,Sim,Meio período,16,Sim,6.0,Não,Sim,Concluiu
18,Masculino,Solteiro,Pública,715,1.3,Sim,Sim,Não trabalha,15,Não,12.8,Sim,Sim,Concluiu
20,Feminino,Solteiro,Pública,499,0.7,Não,Sim,Não trabalha,25,Não,53.4,Sim,Não,Evadiu
26,Feminino,Solteiro,Privada,467,1.3,Não,Sim,Período integral,12,Não,55.6,Sim,Não,Evadiu
26,Feminino,Outro,Pública,815,9.9,Sim,Sim,Não trabalha,21,Sim,8.6,Sim,Sim,Concluiu
21,Feminino,Solteiro,Pública,617,4.2,Não,Sim,Meio período,8,Sim,2.3,Não,Sim,Concluiu
19,Masculino,Solteiro,Pública,666,5.8,Não,Não,Não trabalha,26,Sim,10.8,Não,Sim,Concluiu
19,Feminino,Solteiro,Pública,679,9.9,Não,Sim,Meio período,16,Sim,13.2,Não,Sim,Concluiu
30,Masculino,Solteiro,Pública,443,3.0,Não,Sim,Não trabalha,20,Não,23.5,Não,Sim,Evadiu
19,Feminino,Solteiro,Privada,670,5.6,Não,Não,Não trabalha,23,Sim,10.1,Não,Sim,Concluiu
25,Masculino,Casado,Pública,738,2.8,Sim,Não,Meio período,3,Sim,3.5,Sim,Sim,Concluiu
20,Masculino,Solteiro,Privada,657,1.0,Sim,Sim,Meio período,10,Não,5.0,Sim,Sim,Concluiu
23,Feminino,Casado,Pública,571,2.3,Não,Sim,Meio período,11,Sim,12.3,Sim,Sim,Concluiu
21,Feminino,Solteiro,Pública,676,5.0,Sim,Não,Não trabalha,17,Sim,14.6,Não,Sim,Concluiu
25,Feminino,Casado,Pública,661,1.7,Sim,Sim,Meio período,15,Sim,2.8,Sim,Sim,Concluiu
27,Feminino,Solteiro,Pública,506,4.3,Não,Não,Período integral,7,Sim,29.1,Sim,Não,Evadiu
26,Feminino,Casado,Privada,596,3.4,Sim,Sim,Não trabalha,14,Sim,5.9,Não,Sim,Concluiu
27,Masculino,Solteiro,Privada,713,2.8,Sim,Sim,Meio período,18,Sim,8.4,Não,Sim,Concluiu
34,Feminino,Solteiro,Pública,498,1.2,Não,Sim,Período integral,9,Não,45.9,Sim,Não,Evadiu
20,Masculino,Casado,Privada,596,3.0,Não,Sim,Meio período,16,Sim,1.6,Não,Sim,Concluiu
21,Masculino,Solteiro,Privada,683,1.0,Sim,Sim,Meio período,12,Não,11.3,Sim,Sim,Concluiu
22,Masculino,Solteiro,Pública,644,6.1,Não,Sim,Meio período,18,Não,10.6,Não,Não,Concluiu
18,Feminino,Solteiro,Pública,620,5.1,Não,Sim,Não trabalha,18,Sim,34.5,Não,Sim,Concluiu
23,Masculino,Solteiro,Pública,625,4.8,Sim,Não,Não trabalha,13,Sim,0.8,Sim,Sim,Concluiu
20,Masculino,Solteiro,Pública,689,5.5,Não,Sim,Meio período,11,Sim,8.7,Não,Não,Concluiu
18,Masculino,Outro,Pública,779,1.9,Sim,Sim,Não trabalha,18,Sim,13.0,Não,Sim,Concluiu
28,Feminino,Solteiro,Pública,537,1.1,Não,Sim,Período integral,5,Não,60.5,Não,Não,Evadiu
25,Feminino,Casado,Pública,538,2.5,Não,Sim,Meio período,17,Sim,37.9,Não,Não,Evadiu
27,Feminino,Solteiro,Privada,752,1.2,Sim,Sim,Não trabalha,19,Não,1.0,Não,Sim,Concluiu
27,Masculino,Casado,Pública,518,1.6,Sim,Sim,Meio período,3,Sim,43.2,Não,Sim,Evadiu
21,Feminino,Solteiro,Pública,804,3.5,Sim,Sim,Meio período,16,Sim,16.7,Não,Sim,Concluiu
23,Masculino,Solteiro,Privada,549,0.9,Sim,Sim,Meio período,9,Não,31.4,Sim,Sim,Evadiu
21,Masculino,Solteiro,Privada,525,4.6,Não,Sim,Não trabalha,15,Sim,9.4,Sim,Sim,Concluiu
24,Feminino,Solteiro,Privada,686,0.9,Sim,Sim,Meio período,18,Não,54.9,Sim,Não,Evadiu
27,Masculino,Solteiro,Pública,551,1.9,Sim,Sim,Meio período,20,Não,23.8,Sim,Sim,Concluiu
19,Feminino,Solteiro,Pública,606,5.7,Sim,Sim,Período integral,6,Sim,16.8,Não,Sim,Concluiu
24,Masculino,Solteiro,Pública,528,0.5,Sim,Não,Período integral,5,Não,22.7,Sim,Sim,Evadiu
26,Masculino,Solteiro,Pública,636,4.9,Não,Não,Meio período,11,Sim,7.7,Não,Não,Concluiu
26,Masculino,Solteiro,Pública,733,1.1,Não,Sim,Meio período,9,Sim,20.9,Sim,Não,Concluiu
20,Masculino,Solteiro,Pública,658,1.2,Sim,Sim,Meio período,9,Não,16.7,Sim,Sim,Concluiu
29,Feminino,Solteiro,Pública,618,0.7,Não,Sim,Meio período,11,Sim,11.3,Sim,Sim,Evadiu
26,Outro,Casado,Privada,671,3.0,Não,Sim,Não trabalha,20,Sim,15.7,Não,Não,Concluiu
27,Masculino,Casado,Pública,748,2.2,Não,Sim,Meio período,14,Não,2.2,Não,Sim,Concluiu
23,Feminino,Solteiro,Pública,630,3.7,Não,Não,Não trabalha,21,Sim,9.0,Não,Não,Concluiu
20,Outro,Solteiro,Pública,529,1.6,Sim,Sim,Não trabalha,23,Sim,6.2,Não,Sim,Concluiu
24,Feminino,Casado,Pública,510,3.7,Sim,Não,Meio período,10,Sim,33.7,Não,Sim,Concluiu
22,Masculino,Solteiro,Privada,767,3.5,Sim,Não,Não trabalha,16,Sim,11.7,Não,Sim,Concluiu
18,Masculino,Solteiro,Privada,663,7.9,Não,Sim,Não trabalha,21,Sim,16.4,Não,Não,Concluiu
33,Masculino,Solteiro,Pública,400,1.5,Não,Sim,Período integral,6,Não,50.1,Sim,Não,Evadiu
33,Feminino,Casado,Pública,486,1.2,Não,Sim,Não trabalha,22,Não,81.3,Sim,Não,Evadiu
18,Feminino,Solteiro,Privada,558,1.1,Não,Sim,Não trabalha,14,Não,28.4,Não,Não,Concluiu
27,Feminino,Solteiro,Pública,728,9.1,Não,Não,Meio período,14,Sim,16.9,Não,Não,Concluiu
27,Feminino,Solteiro,Pública,651,5.3,Não,Não,Não trabalha,17,Sim,6.8,Não,Sim,Concluiu
20,Feminino,Solteiro,Pública,642,5.1,Sim,Sim,Período integral,7,Sim,2.9,Não,Sim,Concluiu
23,Feminino,Casado,Pública,581,7.7,Sim,Não,Período integral,6,Sim,5.6,Não,Sim,Concluiu
25,Feminino,Solteiro,Privada,634,10.0,Não,Sim,Meio período,7,Sim,9.8,Não,Sim,Concluiu
34,Feminino,Outro,Privada,510,1.1,Sim,Sim,Não trabalha,10,Sim,43.9,Não,Não,Evadiu
21,Masculino,Solteiro,Pública,659,10.0,Sim,Sim,Não trabalha,17,Sim,11.4,Não,Sim,Concluiu
24,Masculino,Solteiro,Pública,599,4.4,Sim,Não,Período integral,8,Sim,10.8,Não,Não,Concluiu
21,Feminino,Solteiro,Pública,546,0.5,Sim,Sim,Período integral,3,Não,62.8,Não,Sim,Evadiu
26,Masculino,Solteiro,Privada,681,6.6,Sim,Sim,Não trabalha,18,Sim,5.0,Não,Sim,Concluiu
19,Masculino,Solteiro,Privada,540,3.1,Não,Sim,Período integral,4,Sim,15.5,Não,Não,Concluiu
21,Masculino,Solteiro,Privada,633,8.2,Sim,Sim,Meio período,12,Sim,3.7,Não,Sim,Concluiu
30,Feminino,Solteiro,Pública,470,0.5,Sim,Sim,Período integral,0,Não,79.7,Sim,Não,Evadiu
26,Feminino,Casado,Pública,636,4.4,Não,Não,Meio período,14,Sim,7.3,Não,Não,Concluiu
24,Feminino,Casado,Pública,621,10.0,Não,Não,Não trabalha,10,Sim,20.1,Não,Não,Concluiu
20,Feminino,Solteiro,Privada,634,4.8,Sim,Não,Meio período,10,Sim,2.9,Não,Sim,Concluiu
27,Feminino,Solteiro,Pública,572,2.1,Sim,Sim,Meio período,4,Sim,18.2,Sim,Não,Concluiu
24,Masculino,Solteiro,Pública,400,0.5,Sim,Sim,Meio período,10,Não,27.7,Sim,Não,Evadiu
23,Feminino,Solteiro,Pública,721,1.0,Sim,Sim,Meio período,11,Não,5.8,Sim,Sim,Concluiu
24,Masculino,Solteiro,Privada,730,5.6,Não,Não,Não trabalha,25,Sim,5.5,Não,Sim,Concluiu
26,Outro,Casado,Pública,602,3.3,Não,Não,Não trabalha,22,Sim,6.1,Não,Sim,Concluiu
22,Feminino,Solteiro,Pública,639,9.1,Não,Sim,Não trabalha,20,Sim,4.3,Não,Não,Concluiu
23,Feminino,Solteiro,Pública,553,6.5,Não,Sim,Meio período,6,Sim,17.3,Não,Não,Concluiu
20,Masculino,Solteiro,Privada,727,5.0,Não,Sim,Não trabalha,17,Sim,4.5,Não,Não,Concluiu
23,Feminino,Solteiro,Pública,555,9.3,Não,Sim,Não trabalha,22,Sim,20.0,Não,Sim,Concluiu
22,Feminino,Solteiro,Privada,521,7.6,Sim,Sim,Não trabalha,19,Sim,18.2,Não,Sim,Concluiu
27,Masculino,Solteiro,Pública,531,2.5,Não,Sim,Meio período,6,Não,6.4,Não,Sim,Concluiu
27,Masculino,Casado,Pública,631,10.0,Não,Sim,Não trabalha,8,Sim,2.4,Sim,Sim,Concluiu
30,Masculino,Solteiro,Pública,478,0.5,Não,Não,Não trabalha,16,Sim,29.4,Não,Sim,Evadiu
19,Feminino,Casado,Privada,605,5.0,Sim,Sim,Não trabalha,26,Sim,7.9,Não,Não,Concluiu
19,Masculino,Solteiro,Pública,763,7.8,Não,Sim,Não trabalha,12,Sim,8.7,Não,Sim,Concluiu
18,Masculino,Solteiro,Privada,834,1.4,Sim,Não,Período integral,3,Não,16.7,Sim,Não,Concluiu
31,Feminino,Solteiro,Pública,445,0.5,Não,Sim,Meio período,11,Sim,24.6,Sim,Sim,Evadiu
23,Feminino,Solteiro,Pública,671,3.2,Não,Sim,Meio período,14,Sim,2.8,Não,Sim,Concluiu
19,Masculino,Solteiro,Privada,605,3.1,Não,Sim,Meio período,12,Não,4.5,Não,Sim,Concluiu
